id,entity_id,entity_type,interaction_form,shadow_band,character_id,cultural_family,region_id,npc_attitude,concrete_content,tension,traveller_stance,topic,topic_prose_hint
5786ea63-9338-4ce8-8928-e2f46d0e46a2,f38ca7a3-f993-4f34-96ad-b28231f6a233,humans,brief_exchange,low,aranath,dunadan_north,,Recognizes him by posture and gear before he is close enough to speak. Waits without hand on weapon.,Patrol on the Weather Hills is short two men — pulled north without explanation ten days ago. He has been running the circuit alone. Asks if the north reported anything unusual.,"He shares the gap in coverage as a peer, not a report. Expects Aranath to know what it means.",Gives the countersign. Receives the patrol intelligence. Files the missing men.,news_and_rumor,"Have them trade news of the road — war, bandits, strange sights — hungry for word from elsewhere."
a2adc79c-e22b-4486-b8d9-302db195680d,f38ca7a3-f993-4f34-96ad-b28231f6a233,humans,brief_exchange,mid,aranath,dunadan_north,,More guarded than the greeting would usually warrant. Something has made him careful with his own.,A supply cache on the red hills road — three nicks on the eastern stone — was emptied three weeks ago and not replenished. Someone used it and did not report it. The cache-keeper in Bree does not know who.,"A breach in their network, reported to the only other Ranger he has trusted with it. The breach could mean desertion, capture, or something else entirely.",Does not fill the silence after. Lets the weight of the missing report sit between them.,old_grudge,
9a0833ee-b837-436a-a6f4-e6de4b988c5b,f38ca7a3-f993-4f34-96ad-b28231f6a233,humans,brief_exchange,high,aranath,dunadan_north,,Tense in a way that has become posture. Has been reading a compromised landscape for too long alone.,"Three farms on the Minhiriath road gone dark in sequence — doors open, fires cold, animals still penned. Moving south to south-east. Not raiders — something methodical.",He wants Aranath on the northern circuit while he continues south. He cannot cover both and he does not trust anyone else he has met on this road in a month.,Runs the calculation of what the northern circuit costs in time. Then agrees.,suspicion_of_strangers,"Have them probe in a guarded, even hostile way, mistrusting an unknown face in hard times."
523e91f6-262f-4491-8821-2545c6627597,f38ca7a3-f993-4f34-96ad-b28231f6a233,humans,brief_exchange,low,celebrian,dunadan_north,,Formal. The posture of a man who was told to show respect to Elves and has remembered it.,He asks whether she has seen movement further north. Three abandoned steadings he does not remember being empty before. He has no other Elf-source on this circuit.,He is doing his duty. She is a resource he would not normally have. There is no warmth in it but the respect is real.,Answers what she knows. Sees in him the grandson of the man she knew. Does not say so.,news_and_rumor,"Have them trade news of the road — war, bandits, strange sights — hungry for word from elsewhere."
c0ece7e8-a54f-40a6-b000-bd3c484b2569,f38ca7a3-f993-4f34-96ad-b28231f6a233,humans,brief_exchange,mid,celebrian,dunadan_north,,The caution is wearing thin. He has been alone long enough that the formal approach has cracked.,"He asks directly: did she know Cardolan, before. Not as a test — as a question from a man whose entire history is book-knowledge, standing in the place where it happened.",He wants to know what it was actually like. She is the only person he has ever met who could tell him. He is slightly afraid she will refuse.,Considers whether to answer fully. Gives him one true thing and watches what he does with it.,weighing_the_heart,
318f0782-8108-4736-951c-4cc2dc517273,f38ca7a3-f993-4f34-96ad-b28231f6a233,humans,brief_exchange,high,celebrian,dunadan_north,,He watched her on the road for ten minutes before speaking. Something in the way she moves through a landscape of ruins stopped him from the usual approach.,"He asks, carefully, if she is well. The question lands differently than it should. He does not know why he asked it.",The question is more perceptive than expected from a mortal on a cold road. She is not well. She is not going to say so.,Recognizes real attention. Gives him the minimum that is also true.,weighing_the_heart,
c177294b-afb8-4a4f-8f6a-27fcc1944a9c,01151892-afea-4643-8468-93d9ccdd75d1,elves,observed_activity,low,aranath,,,"They move through the dusk as if they belong to it. One pauses and looks at him for a long moment, then continues.","They are heading west — always west, in the end. The one who paused has Rivendell-silver in his gear, a design he has seen in the archives at Fornost. He has read about this company. He did not expect to see them.","They will not stop unless he speaks. The pause was acknowledgment, not invitation.",Watches them pass without speaking. Is not certain he could have.,weighing_the_heart,"Have them probe courteously, measuring the traveller's purpose and heart before they give any trust."
8d0cb1e7-abee-4e9a-a6f9-9595fa87157f,01151892-afea-4643-8468-93d9ccdd75d1,elves,brief_exchange,mid,aranath,,,"One of them has already turned to face the road where he is approaching, waiting.","A patrol in the Trollshaws has gone silent — an Elven patrol, not a Ranger one. They noticed because the patrol was supposed to pass through the Elven road three days ago and did not. They are telling him because it is his circuit.",They give him the information because he is Dúnedain and it concerns his land. Not a gift — what is done between those who watch the same darkness.,Receives the news. Thanks them in Sindarin. Watches their faces when he does.,news_and_rumor,
2d782a24-f163-40e6-9c99-3ff65ce190eb,01151892-afea-4643-8468-93d9ccdd75d1,elves,brief_exchange,low,celebrian,,,The company stops when they see her. Not in surprise — in recognition. Someone makes a sound that is not quite a word.,"One of them knows her name, not from meeting her but from a song about something she did in the First Age that she does not think of as notable. Hearing it described back to her is disorienting.","They want to know where she is going. They mean it as kin-concern, not challenge.",Tells them the direction but not the reason. There is kindness in not explaining.,old_grief,"Have them bring up an age-old loss — a drowned realm, a kinsman long dead — as though it were last night."
fcffc69e-5295-4807-abf5-1367988567b0,01151892-afea-4643-8468-93d9ccdd75d1,elves,brief_exchange,mid,celebrian,,,"The eldest of the group speaks, the others are quiet. Careful with her.","He mentions someone who sailed — someone she knew. He says the name gently, watching her face, offering it as if asking whether she already knew. She did not.",He is not being cruel. He thought she should know. She is not yet certain she is grateful.,Does not react immediately. Then asks: when. Listens to the answer.,old_grief,"Have them bring up an age-old loss — a drowned realm, a kinsman long dead — as though it were last night."
1c312097-a795-495a-9676-98a234ec0ab8,01151892-afea-4643-8468-93d9ccdd75d1,elves,brief_exchange,high,celebrian,,,One breaks away from the group and comes to her directly. The others continue without stopping.,He says quietly that this company is the last to use this road for some time. He does not explain why. He looks at her the way you look at someone choosing to stand in a place others are choosing to leave.,He is not asking her to reconsider. He is witnessing her choice. The acknowledgment is both comfort and weight.,Holds his gaze. Then: I know.,the_fading,"Have them speak of the slow fading of the Elves and the lands they must leave, with a sorrow worn smooth by long years."
216f7ad6-531b-4e21-abc2-4c32e5bcfaee,b7757f56-109f-4cfb-bb1e-4e5b8000ff86,humans,observed_activity,low,aranath,dunadan_north,,One steps into view deliberately and stops. Not a threat — an acknowledgment. He is letting him see.,"He leaves a carved marker at the trail junction — a Wose sign meaning this path is watched, use it. The marker was not there this morning.","This is the Woses giving what they give: knowledge of the land, in their own language, to those who know how to read it.",Reads the sign correctly. Leaves dried meat at the base of the marker stone. Walks on.,news_and_rumor,"Have them trade news of the road — war, bandits, strange sights — hungry for word from elsewhere."
5634a6c8-0170-45c8-89be-8c405083c0b8,b7757f56-109f-4cfb-bb1e-4e5b8000ff86,humans,observed_activity,mid,aranath,dunadan_north,,"Two of them moving parallel to the road, matching his pace exactly. Escorting without being asked.",They stop when the road bends and a disturbed barrow-mound comes into view ahead. They will not go closer. The escort ends here and both of them know it.,They have told him what they can tell him. He continues from this point alone.,Notes where they stopped. Approaches the barrow with full attention.,suspicion_of_strangers,"Have them probe in a guarded, even hostile way, mistrusting an unknown face in hard times."
f0e8494c-2072-40e8-83b1-2144cbe56021,b7757f56-109f-4cfb-bb1e-4e5b8000ff86,humans,observed_activity,high,aranath,dunadan_north,,"A low deliberate sound from the scrub — not voice, not animal. A warning.",Something on the trail ahead that the Woses do not want him to walk into. They will not show themselves to explain what it is.,The warning was given. The explanation was not. He has enough.,Stops. Waits. Takes the longer path around.,suspicion_of_strangers,"Have them probe in a guarded, even hostile way, mistrusting an unknown face in hard times."
6400eadd-01e1-42bb-9d5b-7b64c0a4aef1,b7757f56-109f-4cfb-bb1e-4e5b8000ff86,humans,observed_activity,low,celebrian,,,"One is standing at the road's edge, so still she almost passed him. He is old — older than he looks.",He carries a staff carved with marks she has seen before. Not Wose marks. Older ones. Marks that were used in the late First Age for a specific purpose that almost no one living remembers.,He knows what those marks mean. She knows what those marks mean. They are possibly the only two on this road who do.,Stops. Looks at the staff without pointing at it. Then meets his eyes.,weighing_the_heart,
81c20d0f-c33a-44cf-abd8-1694e94183da,b7757f56-109f-4cfb-bb1e-4e5b8000ff86,humans,observed_activity,mid,celebrian,,,"A group from the treeline, still and watching. Not decided yet whether to acknowledge her.","One of the oldest wears a bone-carved token at his neck — made during the Wars of the First Age, for a specific purpose. The token should not exist anymore. She knew who made them.","She has not seen one of those tokens in ages beyond counting. Its presence here, in T.A. 1950, worn by a Wose in Minhiriath, is something that requires more thought than she can give it right now.",Does not react to the token. Gives them the old sign. Waits.,what_stirs_in_the_dark,
2bb0e1f9-6339-475b-83fe-acecf8f7d14e,b7757f56-109f-4cfb-bb1e-4e5b8000ff86,humans,observed_activity,high,celebrian,,,One comes to the edge of the road and looks at her directly. The others stay back.,"He points — once, briefly — at the road ahead. Then at the sky to the north. Then he draws a specific shape in the air with one finger that she has not seen drawn by a living hand in two thousand years.",Someone taught a Wose a warning-sign from the First Age. That is not possible through memory alone. Something showed it to him recently.,Returns the sign. Asks with her hands: how recently. He holds up three fingers.,what_stirs_in_the_dark,
b6e79ed5-7f71-4ae8-b888-d1ea7256c0e0,161596f3-a22b-405e-8228-f80aa7f658fc,dwarves,aid_or_trade,low,aranath,,,"Names what he has, names what he needs. Expects the same. Will not haggle but will deal.","He has current maps of the mine-tracks in the Misty Mountain foothills — not for sale, but tradeable for road conditions. He wants to know what the barrow-field road looks like right now.","Exact, bounded, symmetrical. He will not give more than he gets and will not try to take more than offered.",Gives him the road conditions precisely. Watches him update a small book.,craft_and_gold,"Have him talk of fine work, rich seams and fair trade — gold, gems and the worth of things — and speak of them bluntly."
53a310c3-4305-4439-8dba-976b79c3a425,161596f3-a22b-405e-8228-f80aa7f658fc,dwarves,aid_or_trade,mid,aranath,,,Testing what the traveller knows before committing to anything.,"He found something in a collapsed shaft — old, made, pre-Númenórean. He will not describe it precisely until he knows who he is talking to. He asks first about the shaft's location to see if Aranath knows it.",He is deciding whether this is someone who can help identify old artifacts or someone who will try to take them.,Describes the shaft's location without mentioning the artifact. Watches the Dwarf decide whether to trust further.,lost_halls,"Have him speak of a mansion or mine lost to dragon or goblin, and the wealth and kin buried with it."
d3eff0de-0457-40d7-8bb1-541ac33d5791,0bd5c0bf-1caa-41a9-80a5-694fe3046ce0,dwarves,brief_exchange,low,celebrian,,,Blunt. Not rude — constitutionally incapable of the social padding mortals use. Says what he means.,"He is looking for a specific vein on a map drawn before Moria fell. He asks, without embarrassment, whether she was alive when Moria fell and whether she knows what the landmarks on the map were called before they got their current names.",He does not know this is a strange question to ask. To him it is simply efficient.,Was alive when Moria fell. Tells him the name the first landmark had before the map was drawn.,lost_halls,"Have him speak of a mansion or mine lost to dragon or goblin, and the wealth and kin buried with it."
597a7f99-d6ae-44d6-bfdd-c7283448099f,0bd5c0bf-1caa-41a9-80a5-694fe3046ce0,dwarves,brief_exchange,mid,celebrian,,,Quieter than a Dwarf alone on the road usually is. Adjusting back to speech after a long time without it.,"He says, after a pause, that he came out of the western passages two weeks ago. Fast. He does not elaborate but his hands have not stopped moving since he sat down.",He is not going to say what was in the western passages. He is telling her he was there so she knows someone has been there recently.,Does not ask what was in the passages. Asks where the western passages exit on the surface.,lost_halls,"Have him speak of a mansion or mine lost to dragon or goblin, and the wealth and kin buried with it."
09376525-c60c-451e-acd0-845549cdaa30,0bd5c0bf-1caa-41a9-80a5-694fe3046ce0,dwarves,brief_exchange,high,celebrian,,,Watching her the way someone watches a thing that has been around long enough to carry weight they cannot see.,He asks point-blank if she knew Durin. Not which Durin — just Durin. He wants to know how old she actually is. He asks because something in the western passages bore a mark only someone who was there at the beginning would recognize.,He may be right that the mark requires a witness. She is not that witness — but she knows someone who was.,Says she was not there at the beginning. Tells him she knows who was. Watches what he does with that.,lost_halls,"Have him speak of a mansion or mine lost to dragon or goblin, and the wealth and kin buried with it."
84b39d55-abad-48bc-b9de-f8e340377e20,3037a73b-8562-4b20-8462-552397c4c406,hobbits,reacts_withdraws,low,aranath,,,Gone into the bracken so fast he almost missed them. One small face still watching from cover.,The face belongs to a Harfoot who has decided Rangers are safe but not comfortable. The look is someone waiting until he is well past before coming back out.,He is big and armed on their road. That is enough. He does not need to be a threat to be a problem.,Does not slow. Does not make eye contact with the face in the bracken. Passes at normal pace.,home_and_family,"Have them chatter about their hole, their garden, their kin and the doings of the next farm over."
8404ac09-c04b-431c-8f4f-e9b3d49d2073,ca5be08c-8bfc-4a61-ad18-a975f513fa61,hobbits,observed_activity,mid,aranath,dunadan_north,60.0,Working at the bog's edge. Appear to be ignoring him. Are not.,Two Stoors sorting a marsh catch. They have been camped here for weeks and know this bog the way a farmer knows a field. They will answer a direct question. They will not volunteer anything.,They know about the ford. Whether they will say depends entirely on how he asks.,"Asks about the ford. Gets an answer, with conditions attached.",harvest_and_weather,
ee8eb056-728a-4130-bf72-109ed8c9eeb9,89ac7fb7-56ea-40fb-96ee-80b03e5ff5f0,hobbits,brief_exchange,high,aranath,,,On the road alone with a pack that is too large for him. He does not flinch when Aranath comes around the bend.,He is looking for a cousin who went east to trade and did not come back. He has been looking for three weeks. He asks if Aranath has seen a hobbit-sized camp east of the Weather Hills.,He is more determined than afraid and it is the determination that is concerning. He is going to keep looking.,Has not seen the camp. Asks for a description. Decides to watch for it.,a_request_for_help,
73ee692a-b760-4497-9129-507618bd848c,3037a73b-8562-4b20-8462-552397c4c406,hobbits,reacts_withdraws,low,celebrian,,,Vanished into the grass before she fully registered they were there. One left a half-eaten apple on the road.,The apple is still warm. They were eating lunch and she came around a bend and they simply ceased to be visible. The apple is real and sitting in the middle of the road.,"She has lived through ages beyond counting and a hobbit's abandoned lunch is briefly, absurdly touching.",Picks up the apple. Sets it on a stone off the road so it is findable. Continues.,home_and_family,"Have them chatter about their hole, their garden, their kin and the doings of the next farm over."
68fe1be2-82e2-42c5-8491-77f5da09b968,3037a73b-8562-4b20-8462-552397c4c406,hobbits,observed_activity,mid,celebrian,,,"Three of them at a campsite — cooking, arguing gently, not particularly interested in her arrival.",The argument is about whether the mushrooms in this region are worth the detour. One is passionately in favor. The others are unconvinced. They have strong opinions about mushrooms.,They live so entirely in the immediate that the weight she carries does not register on them. She is briefly just a person near a fire.,Sits down at the edge of the fire uninvited. Nobody objects.,food_and_comfort,"Have them talk of the next meal, good ale, a warm fire and a soft bed — the real business of life."
1b87cde8-befb-4c3c-91d1-4e3a2705357d,ca5be08c-8bfc-4a61-ad18-a975f513fa61,hobbits,observed_activity,high,celebrian,dunlending,21.0,"One sitting on a tussock above the waterline, watching the bog. Has been there long enough that his clothes are damp.","He says, without looking at her: the lights came back last night, closer than before. He says it the way someone reports weather — a fact, not a fear.","He has been living next to the bog long enough to develop a working relationship with its dangers. He is not afraid of the lights. He is cautious, which is a different thing.",Asks how close. He tells her. Recalibrates where she will camp.,suspicion_of_strangers,
134a6625-0ad1-4967-aa46-650b9aeef593,d18fcd08-da18-4540-b5c6-7b8eff81e448,humans,confronts,low,aranath,gondorian,78.0,Blocking the road. Not drawn yet. Asking questions in the manner of men who expect to be answered.,"Three of them. The captain wants to know what he is carrying and where he got it. There is a description circulating — partial, inaccurate enough that it probably does not match — of a Ranger carrying dispatches north of the Lefnui.",He is being checked against a description. If the dispatches are found the conversation ends differently.,Answers the question about cargo. Does not answer the question about origin. Keeps his hands visible.,suspicion_of_strangers,"Have them probe in a guarded, even hostile way, mistrusting an unknown face in hard times."
cb9a0fdd-e3ed-4000-b668-3181b61420fa,d18fcd08-da18-4540-b5c6-7b8eff81e448,humans,confronts,mid,aranath,gondorian,78.0,Four of them in a formation that closes the road when he stops. They positioned well before he arrived.,"The captain has a specific bounty — not a vague report, an actual sum — for a Ranger carrying Arthedain dispatches. He is not certain this is the man. He is certain enough to try.",The formation is the argument. What Aranath says in the next thirty seconds determines whether this stays a conversation.,Has already counted them and found the formation wanting. Answers the first question with a question of his own.,suspicion_of_strangers,"Have them probe in a guarded, even hostile way, mistrusting an unknown face in hard times."
7ed42d71-f6dd-4530-8df4-fce39cfa3ae7,d18fcd08-da18-4540-b5c6-7b8eff81e448,humans,confronts,low,celebrian,gondorian,78.0,Formal obstruction. Following a pattern they were told to follow. The captain is professional about it.,There is a report from Umbar — circulating among men who work for southern interests — of a lone elf-blooded traveller moving north of the Lefnui. The description is vague. It fits her and does not fit her.,He does not know what he is looking for precisely. She is clearly old enough to be what the report describes. He is deciding if challenging her is worth it.,Lets him decide. Does not help him decide.,suspicion_of_strangers,"Have them probe in a guarded, even hostile way, mistrusting an unknown face in hard times."
7d8d519b-6fd9-46fb-bdb6-ad8bd9f2bdf0,d18fcd08-da18-4540-b5c6-7b8eff81e448,humans,confronts,mid,celebrian,gondorian,78.0,Three of them. The captain's eyes do not move from her face. He knows something more specific.,"There is a real bounty — recent, out of Umbar, substantial — for an elf woman travelling alone in this region. He knows what she is. He is calculating whether he can take her and what it will cost him.",She is not afraid of three Corsairs. He cannot know this yet. What he can see is that she has not moved and has not looked away from him.,Has already counted them and identified what each of them will do. Waits for his decision.,suspicion_of_strangers,"Have them probe in a guarded, even hostile way, mistrusting an unknown face in hard times."
d6a1a584-c05d-45eb-af82-ee3ebef3fe31,d18fcd08-da18-4540-b5c6-7b8eff81e448,humans,confronts,high,celebrian,gondorian,78.0,"Four of them, already in formation. One has moved behind her without her appearing to notice. She noticed.",She watched Númenor drown. She was at the shore when the wave came. These men are the inheritors of a specific corruption she has seen ruin entire bloodlines across the ages. The contempt she feels is not anger — it is something older and quieter.,She has decided what she will do before they finish arranging themselves. The decision is not about fear.,Has already decided. Lets them begin.,suspicion_of_strangers,"Have them probe in a guarded, even hostile way, mistrusting an unknown face in hard times."
72c7435b-d968-48fc-ba6a-481d82180d40,c89386a2-b71f-4243-ab0d-e15d4094c152,humans,brief_exchange,low,aranath,dunadan_north,60.0,"Looks him over — armed, northern, alone — and decides he is not a threat before speaking.","Southern ford at the estuary washed out last month. The Gwathuirim crossing upstream is still passable but needs a guide. She knows a Stoor who will show it for information from the north, not coin.",She has something he needs and is willing to deal. The deal is information for information.,Names what he knows from the north. Watches her decide if it is enough.,harvest_and_weather,"Have them talk plainly as working folk do: crops, beasts, the turning season, hard times or good."
ea018ee3-a751-425a-bbd6-2dbe215b3dc3,c89386a2-b71f-4243-ab0d-e15d4094c152,humans,brief_exchange,mid,aranath,dunadan_north,60.0,Assessing him. Her experience with Rangers on this road is mixed.,"Saralainn from the eastern clan burned three farmsteads last month — not her clan. She says this with the precision of someone who expects to be blamed for it anyway. She needs word carried north to the garrison naming the eastern clan, not hers.",She is asking him to carry a message that matters to her survival. She knows he might refuse. She asks anyway.,Agrees to carry it. Specifies what north means.,a_request_for_help,"Have them raise a trouble of their own — a beast, a feud, a missing kinsman — and hope the stranger might aid it."
c31faf8a-89a4-4718-8e77-d289efdb853f,c89386a2-b71f-4243-ab0d-e15d4094c152,humans,brief_exchange,high,aranath,dunadan_north,60.0,Stopped him on the road on impulse. Afraid and trying not to show it.,"The lights in the marsh came back last night, closer than before. Three men went in after them last week. She does not know what happened to the three men but she knows nobody is going near the eastern bog.",She needed to tell someone. The fear has been sitting in her chest for a week.,Asks her which direction the lights move. Gets the answer. Adjusts the route.,suspicion_of_strangers,"Have them probe in a guarded, even hostile way, mistrusting an unknown face in hard times."
3e74c0c5-52df-46e5-9130-f82ca3a8aaa2,c89386a2-b71f-4243-ab0d-e15d4094c152,humans,brief_exchange,low,celebrian,dunadan_north,60.0,"Curious about the traveller. Cautious, but the curiosity is winning.",The sandbanks at the estuary mouth shifted after last month's storm — the ford she is heading for does not exist anymore. The Gwathuirim know the new safe crossing but what they want for it is not coin.,"She is giving useful information without being asked. She wants company on the road to the next settlement, just until the exposed stretch is past.",Offers the company. Walks with her to the settlement. Does not speak much.,harvest_and_weather,"Have them talk plainly as working folk do: crops, beasts, the turning season, hard times or good."
e97ca5ff-818c-4caf-af4f-60686926158b,c89386a2-b71f-4243-ab0d-e15d4094c152,humans,brief_exchange,mid,celebrian,dunadan_north,60.0,Cautious. Gives less than she knows. Reads the traveller before speaking.,"Southern ford is gone. Saralainn burned three farmsteads west of the marsh last month — not her clan, another one, and she says it like the distinction matters. The coastal road has been empty since.",She is giving the bad news and holding the actionable news back. The actionable news costs something.,Notices what is not said. Asks for it.,harvest_and_weather,"Have them talk plainly as working folk do: crops, beasts, the turning season, hard times or good."
a3bc2dbe-1167-460c-90bd-36bf3ea3b69c,c89386a2-b71f-4243-ab0d-e15d4094c152,humans,brief_exchange,high,celebrian,dunadan_north,60.0,Suspicious. Gives nothing first. Watches the traveller's hands throughout.,The marsh is being watched — not by Saralainn. Three men went in last week following lights that moved. None came back. The Gwathuirim will not say what the lights are.,She is afraid and trying not to show it. Saying it out loud makes it more real.,Lets the silence last a beat. Then: I know what those lights are. I will not tell you it is safe to go near them.,suspicion_of_strangers,"Have them probe in a guarded, even hostile way, mistrusting an unknown face in hard times."
78ec1b9e-2df3-4772-9be2-ea92e4c45e8e,ca926d68-6b4e-42eb-b537-1f3c96f5227d,humans,brief_exchange,low,aranath,gondorian,77.0,Stepped out of a side-track directly in front of him. Startled but not hostile.,"Something has been taking animals from the high pasture — there and gone by midday, no tracks. He wants someone with him when he goes to look. He already asked his neighbors. They refused.",He is not ashamed of not wanting to go alone. He is being practical.,Asks what the schedule is. Goes with him.,a_request_for_help,"Have them raise a trouble of their own — a beast, a feud, a missing kinsman — and hope the stranger might aid it."
f1df75ce-22a3-454d-b963-646d385d633a,ca926d68-6b4e-42eb-b537-1f3c96f5227d,humans,brief_exchange,mid,aranath,gondorian,77.0,Watchful. Takes the time to look at the gear before speaking.,"He has a Gondorian road-permit issued to his father, no longer valid. He does not know what to do with it. Asks if Aranath knows where the nearest garrison would reissue one.",A practical question about a bureaucratic system he was never taught. Slightly embarrassing to ask.,Gives him the garrison location and says the permit expired but they will reissue in person.,where_are_you_bound,"Have them ask frankly but carefully who the traveller is, and where they are going, and why."
c497a538-84fe-440e-8d34-87ca294d1178,ca926d68-6b4e-42eb-b537-1f3c96f5227d,humans,brief_exchange,low,celebrian,gondorian,77.0,Formal. Uncertain. Has not spoken to an Elf before and is trying to do it correctly.,"He has been trying to read the old stones at the eastern ridge for two years — not the Gondorian stones, the older ones underneath. He asks if she can read them.",He is right that she can. He is asking because he has exhausted every other option.,Asks which stones. He describes them. She knows exactly what they are. Tells him what the inscription says.,care_of_living_things,
1c293fe3-7fdf-41cc-b648-db4f20e0780e,ca926d68-6b4e-42eb-b537-1f3c96f5227d,humans,brief_exchange,mid,celebrian,gondorian,77.0,Came down from the ridge specifically to speak to her. Was watching the road from above.,Two people in his village have something wrong with them that started after they went near the old mine shaft. The healer does not know what it is. He is asking the only person on this road who looks old enough to have seen something like it before.,He is out of options and he knows it. She looks like someone who has answers to questions people do not usually ask.,Asks what the symptoms are. Listens. Asks about the mine shaft. Gives him what he needs without explaining how she knows it.,a_request_for_help,"Have them raise a trouble of their own — a beast, a feud, a missing kinsman — and hope the stranger might aid it."
d268400f-8f50-4385-b696-623e660e7f94,ca926d68-6b4e-42eb-b537-1f3c96f5227d,humans,brief_exchange,high,celebrian,gondorian,77.0,"Old man on the road, alone, no pack, no staff. Just standing.",He was a healer's apprentice at a Gondorian outpost abandoned after the Plague. He has been in this country ever since. He asks only whether she has seen the old mine at the eastern fork. He asks it with a calm that means he will go there alone if she says no.,He is going regardless. The question is only whether she is curious enough about what is in that mine to go with him.,Considers it. Does not decide immediately.,a_request_for_help,"Have them raise a trouble of their own — a beast, a feud, a missing kinsman — and hope the stranger might aid it."
7e24a5e7-b1f3-49f1-8060-4fc90a06b0d8,1007565e-5a57-46d9-9089-2f94e04a2e01,humans,sign_only,low,aranath,dunlending,72.0,Fresh territorial marks on a post at a track junction.,"Clan claim on this stretch of road, placed within the last day. A patrol establishing presence after something happened nearby.",He is on claimed ground. The claim will be enforced if he is seen on it.,Reads the territorial mark. Adjusts the route to skirt the claim.,suspicion_of_strangers,"Have them probe in a guarded, even hostile way, mistrusting an unknown face in hard times."
bae4fd5d-046e-4093-9d08-b42395009128,1007565e-5a57-46d9-9089-2f94e04a2e01,humans,brief_exchange,low,aranath,dunlending,72.0,Stopped him on the road. Not aggressive yet — testing first.,"Three men. The speaker wants to know if he is Gondorian, Arthedain, or something else. The question has a correct answer and a wrong answer and Aranath needs to give the correct one.","Dunlendings sort travellers by what they are, not who they are. The category matters here.","Names himself Dúnedain, not Gondorian. Watches their faces.",where_are_you_bound,"Have them ask frankly but carefully who the traveller is, and where they are going, and why."
1b9c2524-7749-4420-83fd-769f673d2bed,1007565e-5a57-46d9-9089-2f94e04a2e01,humans,brief_exchange,mid,aranath,dunlending,72.0,Letting him pass but just barely. One hand resting on a belt-knife.,He wants to know if Aranath has seen Gondorian soldiers on this road in the last week. Not asking for help — checking whether the road is being watched.,The question is information-gathering. He answers it and the answer will determine whether Aranath's road gets easier or harder.,Answers honestly. No soldiers seen. Watches the hand on the knife-belt relax slightly.,suspicion_of_strangers,"Have them probe in a guarded, even hostile way, mistrusting an unknown face in hard times."
f3bb9dcf-b387-4c50-8e24-48edcb56ef84,1007565e-5a57-46d9-9089-2f94e04a2e01,humans,sign_only,low,celebrian,dunlending,72.0,"Territorial marks on the road. Fresh, deliberate.",She has watched the rise and fall of the kingdom these marks oppose. The marks themselves are grief dressed as hostility — a people trying to hold what was taken with symbols on wood.,She does not cross marked territory she has not been invited into. Not from fear — from respect for a kind of claim she understands better than they know.,Takes the long way around.,suspicion_of_strangers,"Have them probe in a guarded, even hostile way, mistrusting an unknown face in hard times."
fb0a97ee-6d99-4e20-9637-d364f5ab6f94,1007565e-5a57-46d9-9089-2f94e04a2e01,humans,brief_exchange,mid,celebrian,dunlending,72.0,Two of them on the road. They step aside but not far. One watches her with the specific attention of someone looking for evidence of something he was told.,He was told Elves serve the enemy. He is looking at her for proof of this.,"She has been looked at this way before, in better centuries. The accusation is older than the people making it.",Walks past slowly. Does not give him evidence. Does not correct him.,suspicion_of_strangers,"Have them probe in a guarded, even hostile way, mistrusting an unknown face in hard times."
6c6a5c0e-cc7a-4114-986b-1b1d7b375543,6ab39e95-0bd0-4820-8ccd-ac376357a8aa,humans,observed_activity,low,aranath,dunlending,72.0,"A gathering visible from the ridge — twenty men at a flat stone, arranged in a circle.",The formation is pre-war. He has read about it in Ranger records. The last time this pattern was used was before the Battle of the Crossings of the Poros two centuries ago.,"They are binding themselves to something. When the Daen Iontis bind themselves, it becomes a military problem within months.",Maps the location. Continues. This goes in the next report.,suspicion_of_strangers,"Have them probe in a guarded, even hostile way, mistrusting an unknown face in hard times."
2ce6e8f3-61e4-4a05-94e1-6746c4859ef8,6ab39e95-0bd0-4820-8ccd-ac376357a8aa,humans,observed_activity,mid,aranath,dunlending,72.0,"Aftermath of a gathering — stone marked, fire still warm, men dispersing into the hills.",Three of them notice him on the road below and stop dispersing.,He has two seconds to give them a reason not to make him the problem.,Does not slow. Does not look at them directly. Moves with the ease of someone who belongs on this road.,suspicion_of_strangers,"Have them probe in a guarded, even hostile way, mistrusting an unknown face in hard times."
7879367d-fa03-4261-bf15-2950b3ddb713,6ab39e95-0bd0-4820-8ccd-ac376357a8aa,humans,observed_activity,low,celebrian,dunlending,72.0,A ritual preparation at a flat stone. Seven men handling objects with deliberate care.,"The objects are old. Older than Gondor, older than Arnor. She knows what they were originally used for. It is not what the Daen Iontis think they are used for.",They have found something they do not understand and are building a belief system around it. The belief system will cause deaths.,Passes without acknowledging. What they are doing is not her concern. What they will do because of it may be.,suspicion_of_strangers,"Have them probe in a guarded, even hostile way, mistrusting an unknown face in hard times."
b17bffba-9161-4447-8972-167248f1a763,6ab39e95-0bd0-4820-8ccd-ac376357a8aa,humans,observed_activity,high,celebrian,dunlending,72.0,A larger gathering on a ridge. The chant is audible from the road below.,The chant is a corruption — the words are Dunlending but the rhythm is from something spoken before the Dunlendings existed. She knows the rhythm. She knew the original context. Someone stripped the context away and handed them the form.,Something taught these men a ritual from the First Age without giving them the meaning. That is not accidental.,Does not stop. Does not show recognition. Files it.,what_stirs_in_the_dark,
678e6849-a392-45f0-a7b1-c3d184a1c594,d7dd96e9-d666-49c5-a60d-a489a8c58a1f,humans,observed_activity,low,aranath,coastal,17.0,"Moving through the treeline parallel to the road, tracking him without hiding it.","Three of them checking his route — they want to know where he is going because the path ahead splits and one branch is theirs. They will not approach but if he takes the wrong branch, that becomes a different conversation.",He is being assessed from cover. The assessment determines what the road ahead costs him.,Takes the western branch at the split. Watches them disappear from the eastern treeline.,suspicion_of_strangers,"Have them probe in a guarded, even hostile way, mistrusting an unknown face in hard times."
9e7bd804-285a-4f74-9133-10a7cb4ee60d,d7dd96e9-d666-49c5-a60d-a489a8c58a1f,humans,observed_activity,mid,aranath,coastal,17.0,"One of them standing on a rock above the trail, watching him below.","He has marked the trail — a stone moved to a specific position, a cut in bark. He is watching to see if the traveller reads the marks or misses them.",This is a test. Reading the marks correctly may open something. Missing them closes it.,Stops. Looks at the marked stone. Then looks up at the watcher. Moves the stone to the secondary position. Waits.,suspicion_of_strangers,"Have them probe in a guarded, even hostile way, mistrusting an unknown face in hard times."
2ed01f30-bf7d-433b-af35-b674e8b071cb,d7dd96e9-d666-49c5-a60d-a489a8c58a1f,humans,observed_activity,low,celebrian,coastal,17.0,Three of them working at the base of a specific oak. Re-marking something the storm displaced.,"The marks they are cutting are older than the tree they cut them into. These marks were transferred here from something that no longer exists — she can see the formula, the deliberate preservation of a sign that should have died with whatever originally bore it.",She knows what these marks mean. They have not been actively used since the Second Age.,"Does not approach. Does not startle them. When they look up and see her seeing the marks, she gives them the old sign.",weighing_the_heart,
9c813861-c525-4a54-b097-d1eb4984022f,d7dd96e9-d666-49c5-a60d-a489a8c58a1f,humans,observed_activity,high,celebrian,coastal,17.0,"A group of them visible at the cape, still and watching. Not decided whether to acknowledge her.","One of the oldest has a specific carved token at his neck — she knew the hands that made that design. The token was made as a key to something, and whatever it opens has been waiting a long time.",She has not seen that specific token in two thousand years. It should not be here. It is here.,Gives them the acknowledgment sign. Waits.,what_stirs_in_the_dark,
e13e24b1-6208-4f3d-8b9c-c7d009e6f53d,121d27ca-c324-4051-afa6-32d488c8f4ae,elves,brief_exchange,low,celebrian,,,"Three of them at a camp, debating. They stop when she approaches. One stands.","They are documenting disruptions in the Second Age road-wards on this stretch — places where the wards have been broken deliberately, from below. They are finding the disruptions moving north. They want to know if she has seen anything that maps to the same pattern.",Their pattern and the things she has noticed point to the same source.,Tells them what she has seen. Watches them understand what it means.,what_stirs_in_the_dark,"Have them ask quietly about the growing shadow, and rumour of orcs, wolves and fouler things abroad."
085efb03-40b0-4d56-b02b-3f9f6b886f2e,121d27ca-c324-4051-afa6-32d488c8f4ae,elves,brief_exchange,mid,celebrian,,,One separates from the group and comes to her directly. His expression is not warm.,He says without preamble that he knows why she is still in Middle-earth and that he does not think it is entirely her choice. He thinks something is holding her here. He asks if she knows what it is.,He may be right. She has never examined the possibility that staying is not fully chosen.,Asks him what he means by holding. Listens to the answer.,the_fading,"Have them speak of the slow fading of the Elves and the lands they must leave, with a sorrow worn smooth by long years."
77a71537-4faf-4904-afb2-fa9ff25fd13e,121d27ca-c324-4051-afa6-32d488c8f4ae,elves,observed_activity,low,aranath,,,"Three figures at a camp — clearly Elves, occupied with something that looks like both study and ritual.",He has read reports from Noldorin scholars who travel the old roads documenting Second Age wards. He did not expect to actually encounter them. They are doing work that intersects with his from a completely different angle.,They are occupied. Interrupting would gain him nothing. But knowing they are on this road means something.,Watches from respectful distance. Does not interrupt. Continues with the information filed.,news_and_rumor,
c027c10f-aa48-4b29-b5d6-d471715c1946,28db3cbe-1eb3-43fb-b8ac-f91478ebf69a,elves,observed_activity,low,aranath,,,"An Elf on the road, moving west. Moving with the weight of someone who has decided something final.",He pauses when he sees Aranath — a Dúnedain on this road is unusual. He studies him for a moment with a look that is not quite sympathy and not quite warning. He sees in Aranath the child of a people carrying what the Elves are leaving behind.,The look acknowledges this without being able to do anything about it.,Meets the look. Moves aside to let him pass.,the_sea,"Have them turn the talk to the call of the Sea and the road West: who will take ship, and who will stay and dwindle."
3a9700af-3ec3-416b-9f67-7d84a4d52f7e,28db3cbe-1eb3-43fb-b8ac-f91478ebf69a,elves,observed_activity,low,celebrian,,,"An Elf she does not know, moving west. The particular lightness of someone going home.",He sees her and stops. She is clearly not going west. The divergence is its own statement. He does not ask her to come — he knows she has been asked. He says only: it is still there.,The it does not need to be named.,Does not respond immediately. Then: I know.,the_fading,"Have them speak of the slow fading of the Elves and the lands they must leave, with a sorrow worn smooth by long years."
7619b755-3ade-43d4-aa96-95884dba3da7,28db3cbe-1eb3-43fb-b8ac-f91478ebf69a,elves,brief_exchange,high,celebrian,,,He was waiting on the road. He knew she would be here today. He does not explain how.,He has a sealed letter from someone at the Havens — someone she has not heard from in years. He will not say the message aloud. He hands her the letter and the seal is one she recognizes.,She has not received a letter from the Havens in a very long time.,Takes the letter. Does not open it while he watches.,old_grief,"Have them bring up an age-old loss — a drowned realm, a kinsman long dead — as though it were last night."
0a28f0a9-32d2-4b06-998e-abeb17ce2480,16a77606-bcf7-4062-af0f-e25b048ae8c2,humans,glimpsed_far,low,aranath,,,A farm family on the far side of a field. The child waves. The mother shades her eyes.,"The farm is maintained — animals present, fire going. This road has been his circuit for six years. The child who waved is the grandchild of the child who waved the first time he came through.",He has not mentioned this to anyone.,Waves back. Continues.,harvest_and_weather,"Have them talk plainly as working folk do: crops, beasts, the turning season, hard times or good."
48f3c0a4-d735-47be-a517-71f37ebcca05,16a77606-bcf7-4062-af0f-e25b048ae8c2,humans,glimpsed_far,low,celebrian,,,"A farmer and a child on a far hill, working together. The child is trying to carry something too heavy.",The child will carry heavier things soon. The farmer will grow old. The child will carry those things alone eventually.,She has watched this sequence more times than there are names for it. The scene is ordinary and inexorable at once.,Watches them until they disappear over the hill. Then continues.,harvest_and_weather,"Have them talk plainly as working folk do: crops, beasts, the turning season, hard times or good."
e62e93b2-f164-4929-a9f4-1b78d6448ced,1d974e03-f452-4ab8-81bb-0a02507e3aad,humans,brief_exchange,mid,aranath,,,A man mending a fence at the road's edge. Looks up. Speaks without preamble.,"Strangers on the south road at night for a week — not camping, moving. No lights. He has not gone to look at the tracks because he has children.",He is telling Aranath because Aranath looks like someone who deals with strangers-on-roads-at-night. He is right.,Asks which direction they moved. Thanks him. Adjusts the patrol.,news_and_rumor,"Have them trade news of the road — war, bandits, strange sights — hungry for word from elsewhere."
416281e3-751e-4b4f-8d74-40953ce64bb2,1d974e03-f452-4ab8-81bb-0a02507e3aad,humans,brief_exchange,mid,celebrian,,,"A woman at a well, drawing water. Looks at the traveller. Then speaks.",Her husband went north three weeks ago with a trading party. The party came back without him. They said he stayed on voluntarily. She does not believe this.,She is telling a stranger because she has told everyone she knows and no one will help. She is not asking for anything. She is saying it out loud one more time.,Listens to the whole thing. Does not offer hope. Offers: I will remember his name.,a_request_for_help,"Have them raise a trouble of their own — a beast, a feud, a missing kinsman — and hope the stranger might aid it."
2225d686-9494-4c47-8de8-b316743d1de9,b7c21b0d-c385-48ef-9dd8-9387d6803796,humans,glimpsed_far,low,aranath,dunadan_north,16.0,"A merchant caravan moving north on the road. Three wagons, faster than the road warrants.","Tharbad-registered pennant — guild cloth. Moving fast means they have the same road intelligence he does, or something spooked them out of Tharbad in a hurry.",Merchants moving fast on a bad road are a weather-vane.,Notes the direction. Continues.,news_and_rumor,"Have them trade news of the road — war, bandits, strange sights — hungry for word from elsewhere."
d41ee943-6a45-4939-be8b-55a15fccf483,b7c21b0d-c385-48ef-9dd8-9387d6803796,humans,brief_exchange,mid,aranath,dunlending,72.0,"A Tharbad factor at a wayhouse, drinking alone. Looks up when Aranath enters.","Stranded four days — the Gwathlo crossing closed without notice. Gondorian authority he thinks, though no Gondorian livery. He is losing money every day. He knows who closed the crossing, or believes he does, and will tell anyone who buys him a drink.",The name costs him nothing to give and he wants to give it.,Buys the drink. Gets the name.,news_and_rumor,"Have them trade news of the road — war, bandits, strange sights — hungry for word from elsewhere."
1f4c359b-6828-489e-acf6-1132336d8fc0,b7c21b0d-c385-48ef-9dd8-9387d6803796,humans,glimpsed_far,low,celebrian,dunadan_north,16.0,"A merchant party on the far road, moving north. The city that made them is visible in how they carry themselves.",Tharbad was magnificent once. What it produces now are people who move with the posture of a place that remembers being great but has been spending that memory for centuries.,She watched the city when it was great.,Continues. Does not stop to watch.,news_and_rumor,"Have them trade news of the road — war, bandits, strange sights — hungry for word from elsewhere."
7606a4fc-5828-4450-9e47-9392b6981ec3,d50e3b55-0211-473d-948f-4fc2c725f9f1,humans,observed_activity,low,aranath,dunadan_north,16.0,"He saw them before they saw him. Three men in old ruins, too comfortable for vagrants.",A chokepoint at a bridge ahead — the only crossing for two miles. He has already identified the approach angles and the alternative.,This is a tactical problem with a tactical solution. He does not need to fight them.,Takes the ford upstream. Adds an hour. They never know he was there.,suspicion_of_strangers,"Have them probe in a guarded, even hostile way, mistrusting an unknown face in hard times."
ce13aa7e-be88-449f-956d-fa1b3e7e1258,d50e3b55-0211-473d-948f-4fc2c725f9f1,humans,observed_activity,mid,aranath,dunadan_north,16.0,Four men. He can see two swords and a bolt-case — crossbow somewhere he cannot yet locate.,"They have not positioned well — visible from the ridge, obvious approach. The crossbow is the problem. The others he can manage. The crossbow requires a different decision.",He is running the geometry of the encounter before it happens.,Identifies where the crossbow must be given the bolt-case position. Plans accordingly.,suspicion_of_strangers,"Have them probe in a guarded, even hostile way, mistrusting an unknown face in hard times."
ec8174f4-9cb7-4653-a7ac-cca8ed08ca18,d50e3b55-0211-473d-948f-4fc2c725f9f1,humans,observed_activity,low,celebrian,dunadan_north,16.0,A camp in old ruins. Four men. She was watching them before they noticed the road.,"They have been here at least a week — the refuse pile is old. They are waiting for something specific, not opportunistically raiding. Something on this road is worth waiting for.",They are a symptom. She does not know yet of what.,Notes the duration. Walks past on the far side of the ruin wall. They do not see her.,news_and_rumor,"Have them trade news of the road — war, bandits, strange sights — hungry for word from elsewhere."
f93b3404-659a-4565-8955-6d547ce1f028,d50e3b55-0211-473d-948f-4fc2c725f9f1,humans,observed_activity,high,celebrian,dunadan_north,16.0,She has seen men with this expression — boredom plus readiness — outside the walls of kingdoms she watched fall.,"They have a captive. Someone sitting against the far wall, bound at the wrists. A traveller, by the gear still visible.","She has seen this before, in better centuries and worse. The question of whether to intervene has different weight depending on who is asking it.",Counts the men. Notes the captive's condition. Makes a decision.,suspicion_of_strangers,"Have them probe in a guarded, even hostile way, mistrusting an unknown face in hard times."
e45c8fbb-9295-4236-a9c1-7a8eef830072,d7ddc76f-97f4-4814-80a1-bcc66bcbf207,orcs,sign_only,low,,,,"Fresh tracks crossing the road — heavy boots, irregular spacing, moving east. Made last night.","Seven or eight of them. They crossed here after dark heading toward the old ruins on the ridge. They did not camp — they kept moving, which means they have a destination.","They passed through. They are ahead now, not behind. The road is clear but the ridge is not.",Reads the tracks. Adjusts the route to keep the ridge on the left.,news_and_rumor,
f8be543f-3be3-4a96-8d4d-559bf2731cc1,d7ddc76f-97f4-4814-80a1-bcc66bcbf207,orcs,confronts,low,,,,Five of them blocking the road. The one in front is doing the talking. The others are watching the flanks.,They want to know what the traveller is carrying. They are not asking to decide whether to rob them — they have already decided. They are asking to decide how much violence the robbery requires.,The question buys thirty seconds. The answer determines whether those seconds cost anything.,Does not answer the question. Reads the spacing. Decides which one to move toward.,threat_and_jeer,"Give them no real talk — only snarled threats, jeering, and the promise of a cruel end."
5f490b2f-b23c-4374-ab8c-0777651a7092,d7ddc76f-97f4-4814-80a1-bcc66bcbf207,orcs,confronts,mid,,,,"Three of them at a chokepoint — a defile between rocks, unavoidable. They saw the traveller before the traveller saw them.","The captain — bigger, scarred across one eye — has a specific instruction: no killing on the road, bring back anyone found alive. This is unusual. Someone above him wants information, not corpses.",The restraint is not mercy. It is orders. The orders may be more dangerous than simple violence.,Hears the difference between kill-on-sight and bring-back. Adjusts accordingly.,interrogation,"Have them fling harsh demands at a captive — who are you, who sent you, what do you carry — backed by the lash."
37546ba9-13a9-4520-8a04-dd10144474dd,d7ddc76f-97f4-4814-80a1-bcc66bcbf207,orcs,confronts,high,,,,"A full patrol — eight, plus a warg on a chain held by the largest. They have been tracking for a while.",The warg has a scent. It is pulling toward the traveller. The captain is watching the warg and watching the traveller and making the same calculation simultaneously.,The warg knows. The captain knows the warg knows. The moment the captain decides to trust the warg is the moment the conversation ends.,Has approximately ten seconds before the captain decides.,threat_and_jeer,"Give them no real talk — only snarled threats, jeering, and the promise of a cruel end."
9d8e8cf1-a1c9-48bc-9587-236bb2a68e2e,eec8aa66-8041-4537-9387-a4f6aa02230d,orcs,sign_only,low,,,,A smear of dark grease on a rock at the trail's edge — orc scout-mark. They passed here within six hours.,"The mark faces back the way the traveller came, not forward. They are behind the traveller on this road, moving in the same direction.","They are scouts, not raiders. They are following to report, not to engage. Not yet.",Does not change pace. Changes route at the next junction.,suspicion_of_strangers,
ac9fb43b-0dcc-4bbf-8e3c-383c29a8bb6c,eec8aa66-8041-4537-9387-a4f6aa02230d,orcs,observed_activity,mid,,,,Two of them in the rocks above the road. One is watching the traveller. The other is looking back the way the traveller came.,They have not moved since the traveller came into view. They are deciding whether to signal or stay quiet. The one watching the road behind keeps checking — they are waiting for something larger to follow the traveller.,They are a forward element. What they are waiting for is behind the traveller on this road.,Does not look up. Does not slow. Finds cover before the junction.,suspicion_of_strangers,
89ca1012-c9d9-42f9-8a7b-2116cea276f5,eec8aa66-8041-4537-9387-a4f6aa02230d,orcs,observed_activity,high,aranath,,,"One of them in a hollow, motionless. Visible only because of a mistake in wind direction.","Alone scout, likely separated from a larger group. Watching a specific point on the road ahead — a junction, or an approach to something he is meant to mark.","He has not seen Aranath. If he reports back, the road ahead is compromised. If he does not report back, the group he serves knows within hours.",Has three options. Runs the cost of each. Chooses the one that costs the road least.,suspicion_of_strangers,
cf222662-7ba1-4a68-b9ae-463a46849af4,eec8aa66-8041-4537-9387-a4f6aa02230d,orcs,observed_activity,high,celebrian,,,"One of them in a hollow, motionless. She saw him before he settled — the way he moved to cover was practiced but not perfect.","She has seen orc scouts for longer than this particular breed has existed. This one is young by the signs — the crouch is right but he keeps shifting weight. He is watching the road junction ahead, not her approach.","If she passes, he will see her and report. The question is whether she is willing to be reported.",Walks the road at the exact pace that makes her uninteresting. Does not look at the hollow.,suspicion_of_strangers,
e6f479ef-d37f-4066-9b0e-6cdc75b7ac8b,f38aad29-da9e-449d-9bbd-e38f92cea941,orcs,confronts,mid,,,,"Three of them, moving fast on a scent. They run into the traveller coming the other way on the road.",They are on the trail of someone specific — not the traveller. For ten seconds they are unsure whether to abandon the trail and deal with the obstacle or push past. The captain is deciding.,"The scent they are following went through here recently. If the traveller knows where it leads, they are suddenly useful alive.",Lets them decide. Does not volunteer information about the trail.,interrogation,"Have them fling harsh demands at a captive — who are you, who sent you, what do you carry — backed by the lash."
150d5840-7aa2-4b6c-8b23-edaad825a3af,f38aad29-da9e-449d-9bbd-e38f92cea941,orcs,sign_only,low,,,,"The tracks on the road are layered — someone passed here running, and then, later, something followed them.","The first tracks are a day old. The second set are hours old and moving fast. The second set are orc-boots, wide-spaced. Pursuit gait.",Someone on this road is being hunted. They are ahead of the trackers. Both of them are ahead of the traveller.,Reads the timing. Continues on the road knowing what is ahead of them.,news_and_rumor,
e496974b-c05c-4da6-a7f9-441322c5e94a,ba0f7acd-7d65-4b3b-8425-bf2363bc04b2,orcs,observed_activity,mid,,,,"A column on the road below — forty, fifty, moving south with supplies. Torches though it is still light. They are not hiding.",They have a specific destination and they know the road is theirs right now. The banner they carry is one that has not been seen on this road in decades.,A warband this size moving openly means someone has decided the road belongs to the Enemy again. That decision was made recently.,Does not go down to the road. Watches until the column passes. Then waits another hour.,suspicion_of_strangers,
5b6db599-4a0c-485f-9b62-4d0b787e4462,ba0f7acd-7d65-4b3b-8425-bf2363bc04b2,orcs,observed_activity,high,aranath,,,A warband crossing a ridge ahead — visible for sixty seconds before they drop into the valley. Forty at least.,"Their direction takes them across the Ranger patrol circuit at a point he knows. If they reach the circuit before he does, three villages lose their warning system.",He cannot stop them. He can get ahead of them.,Counts them. Identifies the banner. Moves.,suspicion_of_strangers,
b899abfd-2281-4d74-a054-b9db11186092,ba0f7acd-7d65-4b3b-8425-bf2363bc04b2,orcs,observed_activity,high,celebrian,,,A warband crossing a ridge ahead. She has seen larger. She has seen what they leave.,"The banner. She knows that banner. She has seen it before, in a different Age, on a different ridge. It should not exist anymore — the line that carried it was broken in the Second Age.",Something reconstituted that banner. Something that remembers the Second Age well enough to reconstruct its symbols.,Files the banner. Continues. This is not a coincidence.,what_stirs_in_the_dark,
0caadfa1-2a73-473e-a941-c1208663a445,3a6bae34-7ee5-4654-8f73-4eda362ac011,orcs,observed_activity,low,,,,"A supply caravan on the road below — slow, heavily loaded, ill-tempered guards. Some of the figures at the center are not orcs.","The non-orc figures move differently from the guards — shorter steps, heads down. They are captives being moved, not cargo. Three of them.","The guards are watching the road, not the captives. The captives are watching the ground.",Does not go down to the road.,news_and_rumor,
46c30465-b1fa-4bc3-b616-20629634b24c,3a6bae34-7ee5-4654-8f73-4eda362ac011,orcs,observed_activity,high,aranath,,,"A caravan from above — slow, supply-laden, three captives at the center under light guard.","The guards are four, plus a drover at the front who is not paying attention to anything but the pace. The captives are bound at the wrist but their legs are free.","He has run the calculation three times and the numbers are the same each time. Four guards, three captives, open road. The question is not whether he can do it — it is whether he can do it without the captives dying in the confusion.",Finds the angle. Finds the timing. Decides.,a_request_for_help,
7706ef7e-3b50-4f94-997f-8054fc86ec9e,3a6bae34-7ee5-4654-8f73-4eda362ac011,orcs,observed_activity,high,celebrian,,,A caravan below. Three captives. She has seen this before more times than she can count.,The captives are alive and moving under their own power. Alive and moving means there is still time. She has never once convinced herself that was enough reason not to act.,She is not going to walk past.,Goes down to the road.,a_request_for_help,
cab0d8c3-a28d-4bc7-840a-2a7bc33a9d1e,b0fa4b6c-76c4-44f2-b55c-3427f607c433,orcs,observed_activity,mid,,,,"A column of driven captives — mixed, twenty of them — moving under orc-whip along a side-track below the road.","One of the captives at the edge of the column catches sight of the traveller above. Does not call out. Holds the gaze for three seconds, then looks back at the ground.",The captive saw them. The guards did not. The captive made a choice not to endanger the traveller. That choice cost something.,Holds the gaze for the three seconds. Then continues.,news_and_rumor,
4abe850d-9814-481e-a492-d4f64722b6e4,b0fa4b6c-76c4-44f2-b55c-3427f607c433,orcs,brief_exchange,high,,,,"The column has stopped — a broken wheel on the supply cart, guards occupied. One captive at the edge, close enough to the treeline to speak quietly.","He was a farmer from a settlement three days north. They were taken eleven days ago. He does not know where they are going. He asks for nothing except that someone knows they are here, that someone saw them.",He is not asking to be saved right now. He is asking to be witnessed.,Says: I see you. I will remember this road.,a_request_for_help,
8488e34c-ca87-4f43-a79d-24ab2e67bb04,b64c6dea-1ac4-44ea-ad56-af303a424eff,orcs,brief_exchange,low,,,,"A traveller on the road — unremarkable, moving south, nods in passing.",Something is slightly wrong about the face. The proportions are almost right. The nod was timed correctly but not reflexively.,They are passing as human. They are nearly doing it successfully.,Notes what is wrong about the face. Does not indicate it. Continues.,suspicion_of_strangers,
57e3ae33-8a45-4bd7-912d-0a0135087d4e,b64c6dea-1ac4-44ea-ad56-af303a424eff,orcs,brief_exchange,mid,,,,"A trader at a wayhouse — dark-complected, broad, asking questions about the road north in a way that sounds casual but is building a picture.","The questions are too specific to be traveller-curiosity. He wants to know where the patrols are, not where the road conditions are. He is gathering operational intelligence dressed as conversation.",He does not know yet that the person he is asking knows what he is.,Answers the questions with plausible misdirection. Files the encounter.,suspicion_of_strangers,
c7b907df-0a3e-45cb-a2d6-d7b9e5ae667f,b64c6dea-1ac4-44ea-ad56-af303a424eff,orcs,brief_exchange,mid,aranath,,,"A mercenary at the same wayhouse fire. Has been there when he arrived, will still be there when he leaves.","The jaw is wrong. The hands are wrong — the knuckles sit differently, the reach is too long for the body. He has been watching everyone who enters and noting who they speak to.",Aranath has seen half-orcs before. This one does not yet know he has been identified.,Takes the seat across the fire. Speaks first. Watches what the mercenary does with the initiative.,suspicion_of_strangers,
480e82d5-8f19-4f07-afea-41d88a5d1556,b64c6dea-1ac4-44ea-ad56-af303a424eff,orcs,brief_exchange,high,celebrian,,,"A figure on the road ahead, waiting. Standing in the middle, not to the side. He has been waiting for her specifically.","He has a message. He delivers it without ceremony: she is known on this road, she has been seen, and there are those who would prefer she did not continue south.",The message was crafted by someone intelligent. The messenger was chosen because he could deliver it without being dismissed as an animal.,Asks who sends it. The answer is not one she expected.,threat_and_jeer,"Give them no real talk — only snarled threats, jeering, and the promise of a cruel end."
77af4681-1530-45df-89eb-7e3cb1aafeaf,bdb8190e-09bf-451c-836b-72ee6fcb1710,orcs,confronts,mid,,,,"Three of them on the road in full daylight, not bothering to hide. That alone is the warning.","The captain speaks in rough Westron. He wants the traveller to stop, turn around, and not use this road again. He says this once, clearly, without threat in his voice. The threat is in what he is.",The message is orderly. The instruction is reasonable enough to follow. That is what makes it worse than a simple ambush.,Stops. Asks on whose authority.,threat_and_jeer,"Give them no real talk — only snarled threats, jeering, and the promise of a cruel end."
d054bf83-34b2-40d0-bf45-22bb4f1ab0df,bdb8190e-09bf-451c-836b-72ee6fcb1710,orcs,confronts,high,,,,Five of them at a bridge. They have been there for a day at least — the camp-sign is established. They are not raiders. They are a garrison.,The bridge is the only crossing for miles. They are not here by accident and they are not here temporarily. Someone placed them here to control this crossing.,This is not a patrol. This is occupation. The difference matters for what comes next.,Does not approach the bridge. Looks for the ford.,suspicion_of_strangers,
cd04a982-a85a-4ec5-afac-9a0454e8ed2d,bdb8190e-09bf-451c-836b-72ee6fcb1710,orcs,confronts,high,aranath,,,Five of them at the bridge. The captain looks at him with the specific attention of someone who has been given a description to look for.,"The description partially matches. The captain knows this. He is going to confirm before acting, because he is disciplined enough to not kill the wrong person.",The confirmation question will come. The answer determines whether this ends as a conversation or something else.,Answers the first question before it is asked. Watches the captain decide whether the answer fits.,interrogation,"Have them fling harsh demands at a captive — who are you, who sent you, what do you carry — backed by the lash."
0e6eb25d-4e0b-4640-88d5-8061d417a2f3,180e506d-071e-46a2-8a3f-7b655d80c966,orcs,sign_only,low,,,,"Warg-prints crossing the road at speed — four sets, all heading east. The prints are deep and fresh.","They were moving at a run. Four wargs running east on this road within the last two hours means a patrol, a pursuit, or a message being carried fast.","Whatever they were doing, they are east of here now and moving.",Notes the direction. Continues west.,news_and_rumor,
8df83305-fa14-4d5c-9cf5-436db0275425,180e506d-071e-46a2-8a3f-7b655d80c966,orcs,observed_activity,high,,,,"A sound before the sight — hooves but wrong, too heavy, wrong cadence. Then three of them cresting a rise ahead at speed.",They have not seen the traveller yet. They will in approximately eight seconds. They are moving too fast to stop cleanly.,Eight seconds is enough if used correctly.,Uses them correctly.,threat_and_jeer,"Give them no real talk — only snarled threats, jeering, and the promise of a cruel end."
d1c1c9f7-dad8-4638-b27f-19aec8f1bc76,6495f2bc-bca4-45a0-b299-7dd9a5055526,orcs,observed_activity,high,,,,"A chamber off the main passage — three of them around a flat stone. Ritual, not preparation for violence.","They are speaking in a dialect she has not heard in centuries — not Black Speech exactly, something older, something that predates the standardization of the Enemy's tongue.",They have not heard the traveller. The dialect they are using is a version of something she knows.,Does not enter the chamber. Does not reveal presence. Listens.,what_stirs_in_the_dark,
7f1c514b-1ae1-4546-ada4-59a516725faa,6495f2bc-bca4-45a0-b299-7dd9a5055526,orcs,brief_exchange,high,celebrian,,,"One of them in a passage, alone, carrying something wrapped. He sees her before she sees him. He does not run.","He speaks — not in threat, in shock. He says a name in a tongue she has not heard used by orcs before. The name is for something she knows. He has no right to know it.",He knows that name. That name should be known only by those who were there when it was given. She was there. He was not.,Asks him where he heard that name. The answer is worse than any she would have constructed herself.,what_stirs_in_the_dark,
c368375f-3daa-4fb5-b683-7d1f6139b384,66f75c77-d90b-4ff5-acaf-5106c523a9d8,orcs,confronts,high,,,,"A passage that seemed clear until it was not. Three of them blocking the way back, not forward — they came from behind.","They are not fighting. They are herding. They want the intruder away from a specific section of the passage — whatever is there, they are protecting it.",They are not going to let the traveller go back toward whatever they are guarding. Forward is the only option they are offering.,Goes forward. Notes where they would not let them go back.,threat_and_jeer,"Give them no real talk — only snarled threats, jeering, and the promise of a cruel end."
03a2d476-3e9e-437b-8bea-52de13335884,d3a35ef0-2b84-4234-b079-6f9602e120ce,orcs,confronts,mid,,,,"A checkpoint — two orcs and one Man, at a gap in a collapsed wall that serves as the only pass through a ridge.","The Man does the speaking. He asks for papers. Not a robbery — a genuine administrative checkpoint. Whatever Angmar is doing in this territory, it has bureaucracy.",Papers exist for people who are supposed to be here. The traveller is not supposed to be here.,Has no papers. Has a story instead. Watches to see which one the Man prefers.,interrogation,"Have them fling harsh demands at a captive — who are you, who sent you, what do you carry — backed by the lash."
0b54e486-cbfd-41f0-86b4-82194d63be23,d3a35ef0-2b84-4234-b079-6f9602e120ce,orcs,confronts,high,aranath,,,A patrol that knows exactly what a Ranger looks like. The orc-captain speaks better Westron than expected.,"He says that Rangers of the North are not welcome in the Witch-king's lands and that this one has two choices: leave the road immediately or be escorted to the nearest tower, from which he will not leave.",The Witch-king's lands extend further south than they did a year ago. Aranath is standing in them.,Measures the distance to the road's edge. Then measures the distance to the tower he can see behind the patrol. Leaves the road.,suspicion_of_strangers,
69a39e8b-cfaf-4c5f-ba59-f2e0373cc42e,f3fd6129-aa5c-475d-b750-a2588eaf9787,orcs,confronts,mid,,,,"Three of them at the edge of the ice, in daylight — they do not flinch from it. Watching the traveller on the snowfield below.","They endure sunlight. This alone is the warning — whatever adjustments made common orcs into these, the result is something that does not have the usual weakness.",They are deciding whether the traveller is worth the effort of the snowfield between them.,Does not run. Running on a snowfield goes badly. Continues at the same pace.,threat_and_jeer,"Give them no real talk — only snarled threats, jeering, and the promise of a cruel end."
474ea6d0-ad57-4251-9328-651b2983f3b6,fcdd4c2a-4a10-408b-8a33-6fb81c70f563,orcs,confronts,high,,,,"Sound before sight — many footsteps in the dark, coordinated. Then torchlight. Too much torchlight for a patrol.","A hunting-party, not a patrol. They were not looking for the traveller specifically — they were sweeping the passage. The traveller was in the passage.",The sweep is methodical. They have done this before. This passage has one exit behind and one exit forward.,Moves toward the forward exit. Does not run yet.,threat_and_jeer,"Give them no real talk — only snarled threats, jeering, and the promise of a cruel end."
50569545-b27b-4587-ad6a-81b16db2545a,fcdd4c2a-4a10-408b-8a33-6fb81c70f563,orcs,brief_exchange,high,celebrian,,,"A single old orc at a junction — not patrol, not hunting. Sitting.",He has been in these halls since before Durin's Bane came. He says this without boasting — a statement of fact from someone too old to care about impressions. He watches her with the specific recognition of someone who knew this place when it was something else.,He knew Khazad-dum when Dwarves still lived in it. She also knew Khazad-dum when Dwarves still lived in it. They are the only two in this passage who share that.,Sits across the junction. Asks him what he remembers of the forges on the third level.,lost_halls,
ce72aad0-8ed9-4272-9ab6-dc5ef48f0902,952aa52c-0d33-441f-948e-57860d2a32a5,orcs,confronts,high,,,,"A court — rough, filthy, loud — and at the center of it a thing that is very large and very old and speaks with the ease of someone who has not needed to hurry in a long time.",He already knows who the traveller is. He says this first. He has been told. He does not say by whom. He says there is a negotiation to be had before he decides what to do with them.,"He is old enough to prefer manipulation to violence when manipulation is available. That is more dangerous, not less.",Listens to what the negotiation is. Does not agree to anything immediately.,interrogation,"Have them fling harsh demands at a captive — who are you, who sent you, what do you carry — backed by the lash."
4d9b636e-cfc2-4553-ba53-77f6b765ed83,b0e8a8a8-dd35-4d05-8106-fbf768ac2000,trolls,confronts,low,,,,"Three of them around a fire on the road, arguing about whether last week's shepherd was better roasted or boiled. They have not noticed the traveller yet.",The argument is genuine — they have strong opinions about cooking methods and the debate has been going since before the fire was lit. They are not watchful. They are occupied.,"Three Stone-trolls arguing about food are, for the moment, not paying attention to anything else. Dawn is four hours away.",Does not step on anything. Does not breathe loudly. Moves around the fire's light.,quarrel_among_themselves,
911aa104-9340-45d6-9675-6e9e3a0e63e7,b0e8a8a8-dd35-4d05-8106-fbf768ac2000,trolls,confronts,mid,,,,One of them blocking the road. The other two are somewhere behind him — audible but not visible.,He wants to know if the traveller has seen any sheep in the last valley. He genuinely wants to know. He has lost his flock.,"He is asking a question and waiting for an answer. He is not going to move until he gets one. He is also blocking a road at night, which is its own problem regardless of his intentions.",Answers the question. Tells him the direction. Watches him go.,harvest_and_weather,
6c77b940-96d2-4acb-84d1-b6749482fcdf,b0e8a8a8-dd35-4d05-8106-fbf768ac2000,trolls,confronts,mid,aranath,,,"Three of them at the crossroads, and they have seen him. The largest one speaks first.","He says — slow, deliberate — that he remembers a man who looked like this man coming through here three years ago and that man had a good knife. He wants to know if this man has a good knife.",He is not asking to rob it. He genuinely wants a good knife. The previous man gave it to him voluntarily. The memory is oddly specific.,Thinks about what he can spare. Considers what walking out of the Trollshaws is worth.,craft_and_gold,
395740a2-067a-4217-a021-1324afdba499,b0e8a8a8-dd35-4d05-8106-fbf768ac2000,trolls,confronts,low,celebrian,,,Three of them at a fire. One looks up when she passes — she is apparently the most interesting thing that has happened since the shepherd argument.,He asks what she is. Not threatening — he genuinely does not know. He has seen Elves before but they were smaller and they ran away. She is not running away.,"The question is curious, not hostile. Curiosity is a window.",Tells him what she is. Asks what he is. He finds this extremely funny.,old_grief,
17c9c9ab-221e-4971-a7be-32fd10179f8c,9465fdad-d9f9-4165-be49-a57b70092638,trolls,confronts,mid,,,,"One on the road — not a full ambush, just one, and it is looking at the traveller with the specific dull focus of a creature that has decided something is going to happen.","It does not speak first. It is waiting to see what the traveller does. This is how it hunts — it lets the prey decide whether to run, because running is interesting.",Running is interesting. Standing is boring. Boring might be survivable.,Does not run. Does not retreat. Stands.,threat_and_jeer,
7343f32b-9924-4dca-a48d-86d0460c758f,9465fdad-d9f9-4165-be49-a57b70092638,trolls,confronts,high,,,,"Two of them, and they have been waiting — the approach was too convenient, the gap in the rocks too obvious. This is practiced.","The first one speaks — three words, badly articulated, but in Westron: give it here. It does not specify what it. Everything the traveller is carrying qualifies.",The other one is circling. The circling is the real danger.,Does not look at the circling one. Keeps eyes on the one that spoke.,threat_and_jeer,
5ebc25fe-0b80-4692-b45d-d534dd487886,9f632f47-64b9-45de-ba48-cda89e16bb49,trolls,confronts,mid,,,,It moved — something that had been a fallen trunk is not a fallen trunk anymore. It is standing up.,It has been waiting in place long enough that moss has grown on its back. This is a troll that understands patience. It is between the traveller and the path forward.,"It did not try to hide, exactly. It simply did not move. The forest made it invisible by being itself around it.",Has approximately four options. Three of them are bad.,threat_and_jeer,
a6ed0f26-d3cf-46be-94be-1ea32c443461,b1c804af-e57a-4bb1-904f-3247e5506027,trolls,confronts,high,,,,One on the road in full daylight. Armored. Not a foraging beast — a soldier.,It does not speak. It is not here to speak. It is here because it was placed here and it will remain here until it is removed or its purpose is accomplished.,This is a weapon pointed at a road. The traveller is on the road.,Looks for what is behind it — what it is guarding. Then looks for the way around.,threat_and_jeer,
11eddcc2-ec37-4f80-8b56-dd48e4bc1cd6,85d071e3-de44-4d3f-b1de-8e3b0134fd7d,trolls,brief_exchange,mid,,,,"A soldier at a garrison post — large, dark, speaks Westron with a southerner's accent. The garrison is Harad-aligned.",He asks for road-papers in the manner of someone following procedure. The procedure is real. He is following it correctly. He is also seven feet tall and the wrong color for what he is claiming to be.,The procedure is a distraction. The question is what happens when the procedure is satisfied.,Produces what papers exist. Watches how he reads them.,suspicion_of_strangers,
a12ac888-3322-4c9f-8231-1faf1f1c94aa,d286f0a6-88fe-4018-bf61-0c0db4ace662,trolls,confronts,mid,,,,"Three of them — small for trolls, which still means large — circling something dead on the road ahead. They have not noticed the traveller yet.","They are arguing over the dead thing. One of them wants it, the other two want it, and none of them have worked out a resolution. The argument is escalating toward something physical.",Three young trolls about to start fighting over food is a window. The road goes around them on the right.,Takes the right side. Moves fast.,quarrel_among_themselves,
46f97784-ce34-40ae-a50a-b90e3ab6b881,1992d2d4-f3b6-41e7-8f95-c46af8b3fafc,undead,watches,mid,,,,"A figure at the far end of a ruined hall — standing still, looking at the traveller. It has no shadow.","It does not move. It is waiting to be acknowledged. Ghosts of this kind — the old ones, the ones who remember themselves clearly — need acknowledgment before they can speak.",It has been here a long time. Whatever it is waiting to say has not diminished in the waiting.,Acknowledges it. Waits.,old_grief,
f7dd916c-a145-4850-b7c7-4cae07efb1a2,1992d2d4-f3b6-41e7-8f95-c46af8b3fafc,undead,brief_exchange,mid,aranath,,,A man in old Arnorian gear — the cut is two centuries out of fashion — at the edge of a barrow. He speaks when Aranath approaches.,"He says he was the last warden of a specific tower on the Weather Hills. He wants to know if the tower is still standing. He asks it simply, like a man asking after a house he built.",The tower has been rubble for a hundred and forty years. He does not know this.,Tells him the tower fell. Watches the ghost receive this.,old_grief,
6934d31f-0307-4b9b-8dab-fc606781dc59,1992d2d4-f3b6-41e7-8f95-c46af8b3fafc,undead,brief_exchange,mid,celebrian,,,"A woman — Dúnedain, by the gear, Second Age by the style — standing at a crossroads and looking at the two roads with the expression of someone who cannot remember which way she was going.","She asks Celebrian which road leads east. She says her husband is east, waiting. She says this with the certainty of someone who has been saying it for a very long time.",She died before Celebrian came to this road. She has been at this crossroads since. The husband she is waiting for is dust.,Tells her which road leads east. Does not tell her the rest.,old_grief,
b2cd3ee2-d99b-4703-9543-c5f7006b2c6d,1992d2d4-f3b6-41e7-8f95-c46af8b3fafc,undead,brief_exchange,high,celebrian,,,It appears as someone she knew — the resemblance is close enough that she stops.,It is not him. The face is right but the eyes are wrong — they are looking at her but seeing something she cannot see. It speaks in a voice that is almost his and says her name in a way that is almost how he said it.,It is a ghost that has learned to wear a shape it found in her memory. Ghosts do not do this spontaneously.,Does not engage with the shape. Asks what it actually is.,what_stirs_in_the_dark,
77bd5749-c44e-4d99-8246-16a393a4c893,1992d2d4-f3b6-41e7-8f95-c46af8b3fafc,undead,brief_exchange,high,aranath,,,"A ghost at a barrow-mound — Dunedain, old, carrying wounds that never healed. It speaks before he can.","It says: you are one of us. It says: you will be here too, soon enough, if you keep walking this road. It says it without malice — a statement of fact from someone standing on the other side of it.",The ghost is not threatening him. It is warning him. The distinction is the most unsettling part.,Asks it what is on this road.,old_grief,
9a1e8a86-3578-4a4e-87f4-34c64797f594,110d79f1-e19e-45f0-9ba2-9b740d8b675b,undead,confronts,high,,,,"The road empties ahead. Sound drops out. The cold comes first, then the shape on the road — and the shape has been there the whole time, it was always there, the traveller simply did not see it until now.",It does not speak first. It waits. The waiting is the weapon — every second of it drains something.,"Whatever the Witch-king wants from this road today, the traveller is now in the calculation.",Does not move. Does not flee. Waits for it to speak.,threat_and_jeer,
74e78551-5d07-4a6a-9b77-fddd5785bf04,110d79f1-e19e-45f0-9ba2-9b740d8b675b,undead,confronts,high,aranath,,,The shape on the road. The cold. The specific silence that precedes it.,"It speaks. It says his name. Not his road-name — his true name, the one only the Dunedain records carry. It says: I have read those records.",It knows who he is. It has taken the time to know who he is. That is not a good sign.,Answers with his name said back at it. Watches whether that matters.,threat_and_jeer,
7ba1ddf6-f2f0-442d-936c-6be56fdf4ce7,110d79f1-e19e-45f0-9ba2-9b740d8b675b,undead,confronts,high,celebrian,,,"The shape on the road. The Noldor feel the cold differently — not fear exactly, but the specific recognition of something that has been enemy longer than most things have existed.","It speaks. In a language she has not heard spoken aloud since the Second Age — the court tongue of Númenor in its darkest years. It says, in that language: you should have sailed.",It knows what she is and what she chose and it is using that choice against her.,Answers it in the same tongue. Says: so should you.,the_fading,
c3f838c3-9c29-4ff1-a5ab-1fb9c08715a2,f3adfbc5-8598-43c9-a540-31845a5bfad3,undead,watches,high,,,,"Something white and cold at the passage's end — not a light, not a figure exactly, but something that is organizing itself into a shape.","It has not attacked. Specters do not attack — they approach, and the approaching is the attack. It is between the traveller and the forward exit.",Moving toward it makes it worse. Moving away from it is also moving away from the exit.,Does not move toward it. Finds the secondary exit that all Khazad passages have.,what_stirs_in_the_dark,
7ec69621-0aef-43ae-9b53-112e0aa2e870,07681cb4-ec8d-4645-b1b2-0d5873b2f3a0,maiar,brief_exchange,low,,,,"A man in brown — very brown, and some of it is not dye — crouching beside the road examining something in the grass. He does not look up when the traveller approaches.","He says, without looking up, that there is a nest of harriers three miles north that has been disturbed — not by a fox, by something heavier, moving on two feet, three nights running. Then he looks up and seems mildly surprised there is a person here.",The animal intelligence is specific and accurate. The information about what disturbed the nest is more useful than he realizes he has given.,Asks what two-footed thing moves at night for three nights in the same area.,care_of_living_things,"Have them turn the talk to beasts, trees and growing things, and the keeping of them."
47575155-fbfe-4447-ab91-53220c88fc1a,07681cb4-ec8d-4645-b1b2-0d5873b2f3a0,maiar,brief_exchange,mid,,,,He appears out of the forest at the road's edge with two ravens on his shoulders who are arguing with each other about something he keeps trying to mediate.,"The ravens have been following something south from the Carrock for a week. They are arguing about what it is. He translates both positions with the patience of a man who has been doing this for a very long time. The disagreement is: one says orc-warband, the other says it is organized differently.",He is giving them this information because he believes travelers should know what the ravens know. He does not consider whether the traveler wants it.,Asks which direction it is organized toward.,news_and_rumor,
daacd94f-77ed-40ff-8ddb-bc1542af2666,07681cb4-ec8d-4645-b1b2-0d5873b2f3a0,maiar,brief_exchange,low,aranath,,,He steps onto the road and stops Aranath specifically — he has been waiting.,"He says that the animals on the north road have gone quiet for two miles in a specific direction, and that this kind of quiet has happened twice before that he remembers, and both times it preceded something the Rangers needed to know about.",He is not sure what it means. He is sure enough to stop a Ranger and say it.,Asks where the quiet starts.,news_and_rumor,
e0e3dec1-7725-4511-8888-96d26f14c7c2,07681cb4-ec8d-4645-b1b2-0d5873b2f3a0,maiar,brief_exchange,mid,celebrian,,,"He recognizes her immediately — or rather, one of the ravens on his shoulder does, and tells him, and he reacts to what the raven says rather than to her directly.",He says the raven says she smells like someone who has been in Aman and chose to leave it. The raven is apparently very specific about this. He apologizes for the raven.,The raven is right. The apology is genuine. He is faintly embarrassed by his own ability.,Tells the raven it is correct. Watches Radagast receive this secondhand.,the_fading,
88e84f59-5f60-427e-8062-3b2af5586ef5,07681cb4-ec8d-4645-b1b2-0d5873b2f3a0,maiar,brief_exchange,high,celebrian,,,"He comes to her directly, without the usual roundabout. He looks at her with the specific attention of a Maia who has seen something he did not expect to see.",He says that the forest between here and the mountains is wrong in a way it has not been wrong since the Second Age. He says it in the voice of someone who has been trying to dismiss this observation for a week and can no longer.,"He wants to know if she has felt it too. He is asking because if she has not felt it, he can continue to dismiss it. If she has, he cannot.",Tells him what she has felt. Watches him decide what to do with the confirmation.,what_stirs_in_the_dark,
fc53a16a-5154-4578-8ed3-beee90e4170a,56a6d463-2121-4438-a8d8-f3dd60dd341a,maiar,brief_exchange,low,,,,He is already there when the traveller arrives at the river crossing — sitting on a log singing something about kingfishers that is not quite a song and not quite a spell and is definitely working on something in the water.,"He looks up and says: there you are! As if he was expecting them. He may have been. He invites them to dinner without asking their name, which he already knows.",He is the most helpful and least explicable thing on this road. The help is genuine. The inexplicability is permanent.,Accepts the dinner. Does not ask how he knew.,food_and_comfort,
9e949237-1899-4d62-9863-ae436559e210,56a6d463-2121-4438-a8d8-f3dd60dd341a,maiar,brief_exchange,mid,,,,"He appears on the path ahead, walking in the opposite direction, and greets the traveller as though they are old friends who have not seen each other in a week.","He has been watching something in the Old Forest that has been behaving unusually for the past month — Old Man Willow, he says, has been dreaming worse than usual, and the dreams are coming from outside Old Man Willow, not from inside. He says this the way someone reports a neighbor's cough.",The information is more significant than his tone suggests. He knows this. He is telling the traveller because travelers carry information forward.,Asks what outside means.,what_stirs_in_the_dark,
ec994ce1-881b-46b4-9880-e166d7f7a638,56a6d463-2121-4438-a8d8-f3dd60dd341a,maiar,brief_exchange,high,celebrian,,,"He finds her on the road and simply walks beside her for a while. He does not speak for several minutes, which for him is unusual.","Then he says: something is asking questions about you. Not looking for you — asking questions about you. There is a difference, and the difference is that asking questions means someone is deciding whether to look.",He is not afraid for her. He is telling her because she should know. He will not tell her who is asking because he does not know.,Asks when the questions started.,what_stirs_in_the_dark,
cf4dd543-0f7c-4fe3-a313-7daaaffe6db9,d76c89c5-cf8f-4db4-8405-5cc9459d95c3,maiar,watches,high,,,,Nothing on the road. No encounter. A feeling only — that something at a great distance has become aware of the traveller's presence on this specific road.,"The feeling is not imagination. It is the particular sensation of being indexed — catalogued, noted, filed. Not targeted yet. Just noted.",Something in Dol Guldur knows the traveller is on this road. It has not decided yet what to do about it.,Continues. Does not look toward the south-east.,what_stirs_in_the_dark,
69262165-23b1-4df7-b30d-5bf2e92d9f78,d76c89c5-cf8f-4db4-8405-5cc9459d95c3,maiar,watches,high,celebrian,,,"A pull — not physical, not voice. A direction. Something far south-east that is aware of her and wants her to be aware of it in return.","She has felt this before. The last time she felt it, Sauron was not yet in hiding. It is subtler now — the same pressure compressed into a point, wearing a disguise she can almost see through.",She does not respond to it. Responding confirms the contact. She has been doing this long enough to know that.,Does not look south-east. Does not acknowledge. Continues.,what_stirs_in_the_dark,
e286ab70-a47f-4a6e-bbf2-34ef73e93a8c,ed8fc4df-8338-4b2e-8df1-93b0fcf8fcde,living_trees,observed_activity,low,,,,"A tree that is watching — not moving, not speaking, but watching. The watching is distinct from the passive quality of the forest.",It has been aware of the traveller since they entered the forest. It has not decided what to do about this yet. Ents are slow to decide.,"The decision, when it comes, will be final. In the meantime, the forest simply watches.",Moves without haste. Does not break branches. Does not take anything.,care_of_living_things,
37db9426-eeb9-411c-bf86-d2d76f71686c,ed8fc4df-8338-4b2e-8df1-93b0fcf8fcde,living_trees,brief_exchange,mid,,,,"A voice — slow, deep, coming from above, and it takes a moment to understand that the tree it is coming from has eyes.","It asks what the traveller wants in the forest. The question takes approximately forty-five seconds to ask. It is waiting for a real answer, not a quick one.",The Ent has been asking this question for a long time. It has learned to tell the difference between an answer and a performance of an answer.,Takes the time the question deserves. Answers honestly.,care_of_living_things,
f7ffd42b-7af4-4bc2-9b69-048ddd9f7f1e,ed8fc4df-8338-4b2e-8df1-93b0fcf8fcde,living_trees,brief_exchange,mid,celebrian,,,It knows what she is. It greets her with a name for her kind that has not been used since the First Age.,"It says, slowly, that the forest remembers when the Noldor came east from Aman, and the forest has been watching what happened since. It says this without accusation — the way you note a very long consequence.",She is part of a very long consequence. She knows this. It is something else entirely to have a tree tell her so.,Sits down at its roots. Asks what the forest saw.,old_grief,
6f487255-2430-46f0-9c24-83dd0905f1ec,ed8fc4df-8338-4b2e-8df1-93b0fcf8fcde,living_trees,brief_exchange,low,aranath,,,Something enormous has turned to look at him. This takes a while.,"It asks, eventually, whether he is one of the tree-shepherds' kin — meaning the Dunedain rangers who have been keeping Fangorn's eastern edge for generations. The question is asked with recognition, not suspicion.",It knows about the Rangers. Not this Ranger specifically — the Rangers as a category of thing it has observed.,Confirms it. Asks what the Ents have seen on the eastern edge recently.,news_and_rumor,
33535c53-29c1-40cf-aedb-dfb428d9c466,161596f3-a22b-405e-8228-f80aa7f658fc,dwarves,aid_or_trade,low,celebrian,,,"A small party on the road, laden and purposeful. One of them looks at her for a long moment before the others notice.","They are heading to the markets of Men with metalwork. The one who looked has seen Elves before — the look is not awe, it is recognition of age. He asks, without prelude, whether she was in the mountains when the first shafts were sunk.",He is asking because his clan's founding records reference an Elf who witnessed the first stone-cut. He wants to know if she is that Elf.,Considers the timeframe. Tells him she was not there at the beginning but knew those who were.,old_grudge,"Have him bring up a grievance nursed for generations — a slight, a debt, an enemy not yet repaid."
c868af40-9af9-42b5-94ee-d60024499f21,161596f3-a22b-405e-8228-f80aa7f658fc,dwarves,aid_or_trade,mid,celebrian,,,"Blunt assessment, then dealing. He does not waste time on pleasantries.",He has a map of a vein in the Blue Mountains that predates the current Dwarf-holds. The landmarks are named in a tongue he does not recognize. He wants someone who might.,The tongue on the map is Quenya. She recognizes three of the four landmarks. The fourth no longer exists.,Reads the map. Names what she can. Tells him what the missing landmark was.,craft_and_gold,"Have him talk of fine work, rich seams and fair trade — gold, gems and the worth of things — and speak of them bluntly."
2c2205e9-4c26-4ae6-9af3-a3291fa18a2f,161596f3-a22b-405e-8228-f80aa7f658fc,dwarves,aid_or_trade,high,celebrian,,,Watchful. Something on this road has made the group cautious and they extend that caution to her.,"They passed through a mountain pass two days ago and something in it was wrong — not orcs, not trolls. A sound in the deep stone that none of them had heard before. They mention it because she looks old enough to have a name for it.",She has a name for it. The name is not reassuring.,Tells them what it is. Watches them decide what to do with that information.,lost_halls,"Have him speak of a mansion or mine lost to dragon or goblin, and the wealth and kin buried with it."
139d5a73-5399-4ef6-b0d1-caba774e0467,89ac7fb7-56ea-40fb-96ee-80b03e5ff5f0,hobbits,brief_exchange,low,celebrian,,,"Footsore, carrying too much, heading somewhere with the specific determination of someone who has not thought through what they will do when they arrive.",He is looking for a relative who went east to trade and stopped writing letters. The relative has been gone eight months. The hobbit has been walking for three weeks and is running out of food.,He is absurdly ill-equipped for this road and he knows it and he is going anyway. The stubbornness is oddly affecting.,Gives him what food she can spare. Tells him which road is safer.,home_and_family,"Have them chatter about their hole, their garden, their kin and the doings of the next farm over."
1cf43b0c-6866-49f5-ab8f-28f383db4d50,89ac7fb7-56ea-40fb-96ee-80b03e5ff5f0,hobbits,brief_exchange,high,celebrian,,,He has been on this road too long. Something in his face has changed from the way hobbits usually look.,He found his relative — or found where the relative had been. He is not going to say what he found. He is heading home now. He says this very quietly.,He walked into something he was not made for and came out the other side. He is still coming out the other side.,Does not ask what he found. Walks with him for half a mile. Then lets him go.,home_and_family,"Have them chatter about their hole, their garden, their kin and the doings of the next farm over."
bc6c861e-d14b-4b6b-9082-e1d0ce7b4025,bdb8190e-09bf-451c-836b-72ee6fcb1710,orcs,confronts,mid,celebrian,,,Three of them on the road in full daylight. The one in front is watching her the way a professional watches a problem.,He speaks in rough Westron: this road is closed. He does not say by whose authority. He does not need to — the daylight is the authority. Common orcs do not walk roads in daylight.,"He is following orders, not impulse. She is an obstacle in his orders. The question is whether she is an obstacle worth the effort.",Asks whose road this is. Waits to see how he answers.,threat_and_jeer,"Give them no real talk — only snarled threats, jeering, and the promise of a cruel end."
57de184d-0fb3-4a6e-a1fd-4f8267735989,bdb8190e-09bf-451c-836b-72ee6fcb1710,orcs,confronts,high,celebrian,,,"Five of them holding a bridge. They have been there long enough to establish a camp. This is occupation, not patrol.",The captain has a specific description he is checking travellers against. He studies her for a long moment. She matches something in his description closely enough that he is not going to let her cross without questions.,She has been looked at this way before by things that served darker masters than this one. The calibration runs automatically.,Answers the first question before he asks it. Watches whether that unsettles him.,suspicion_of_strangers,
64127b82-7198-4ecd-8c9c-985cb107cc43,d3a35ef0-2b84-4234-b079-6f9602e120ce,orcs,confronts,mid,celebrian,,,A mixed patrol — orcs and Men together under Angmar's banner. The Man does the speaking.,"He asks for papers in Westron. Behind him, one of the orcs is watching her with the specific attention of something that recognizes what she is. The Man does not notice the orc's attention.",The Man is doing a job. The orc behind him knows what she is and is deciding whether to say so to the Man.,Keeps her attention on the Man. Does not look at the orc.,interrogation,"Have them fling harsh demands at a captive — who are you, who sent you, what do you carry — backed by the lash."
2f6e2c77-3601-4394-bda4-88d576a3038e,d3a35ef0-2b84-4234-b079-6f9602e120ce,orcs,confronts,high,celebrian,,,The patrol has stopped her before she reached the checkpoint — they were watching the approach.,"The captain knows who she is. Not her name — what she is. He has been told to watch for an elf travelling alone and he has been very thorough about what that means. He is also afraid, in the way men in Angmar's service learn to be afraid.",He is afraid of what will happen if he lets her pass and more afraid of what will happen if he tries to stop her and fails.,Lets the fear be visible to him. Then walks past.,threat_and_jeer,"Give them no real talk — only snarled threats, jeering, and the promise of a cruel end."
a971a406-e132-4aca-a0f4-bbd5695dae4d,0bd5c0bf-1caa-41a9-80a5-694fe3046ce0,dwarves,brief_exchange,low,aranath,,,"Alone on the road with a full pack, moving at the steady pace of someone who has been walking for days and will walk for days more.","He nods at Aranath in the way travelers acknowledge each other on empty roads. Then, after a few steps, stops. Asks which direction the nearest garrison is. Not the road — the garrison specifically.","He wants to know where armed men are, not merchants. Something on the road behind him.",Tells him the garrison direction. Asks what is on the road behind him.,news_and_rumor,
bc4c1314-0cbb-4cdb-b7f9-7a2d31d50596,0bd5c0bf-1caa-41a9-80a5-694fe3046ce0,dwarves,brief_exchange,mid,aranath,,,"At a wayhouse fire, eating alone, not talking to anyone.",He has been in the hills for three months on a survey. He found a collapsed shaft that the survey records show as open — something closed it from inside. The marks on the collapse are not natural.,He is not afraid of whatever closed the shaft. He is annoyed by it because it means his survey is incomplete. He wants someone to know the shaft is sealed in case it matters to someone who understands these things.,Asks where the shaft is. Files it.,lost_halls,"Have him speak of a mansion or mine lost to dragon or goblin, and the wealth and kin buried with it."
a53efd41-22ee-420f-a247-501f6705abc3,0bd5c0bf-1caa-41a9-80a5-694fe3046ce0,dwarves,brief_exchange,high,aranath,,,"On the road ahead, not moving. Just standing and looking at the sky to the north.","He says, when Aranath reaches him, that he has been watching a column of smoke from the direction of the northern hold for two days. No one has come south on the road since. He cannot go north to look because he is one and whatever made that smoke was large.",He needs someone to know. He is not asking for help — just for a witness.,Notes the direction and the duration. Continues north.,news_and_rumor,
52a175a0-ff39-4d2e-a73a-1db21316327b,56a6d463-2121-4438-a8d8-f3dd60dd341a,maiar,brief_exchange,low,aranath,,,"A figure in yellow and blue, already singing when Aranath comes around the bend. He stops singing when he sees Aranath and looks at him with bright eyes.","He says: a Ranger! and seems genuinely delighted by this, the way someone is delighted by a specific bird they have not seen that season. He says he knew Aranath's grandfather, or his grandfather's grandfather, or someone in that line. He is not precise about which.","He knows the Dunedain lineage better than expected. He is offering this as conversation, not as a credential.",Asks what he knew of that man.,riddle_and_counsel,"Have them speak words that carry more than they say — a warning, a riddle, or counsel from one far older than he seems."
7bedd435-2f2e-4f34-96b4-37b238bff6bb,56a6d463-2121-4438-a8d8-f3dd60dd341a,maiar,brief_exchange,mid,aranath,,,"He is waiting on the path — not blocking it, just standing there with the look of someone who knew Aranath would come this way today.","He says that the Old Forest is pulling at its edges — not the trees moving, the edges themselves, the places where forest meets road. He says this the way someone reports that a door is sticking. He says Aranath's people used to know what to do when the edges pulled.",He is not certain Aranath knows. He is asking by telling him.,Asks what the old protocols were. Gets an answer he half-remembers.,riddle_and_counsel,"Have them speak words that carry more than they say — a warning, a riddle, or counsel from one far older than he seems."
0a53fc55-791c-491e-a821-10904c2030d6,6495f2bc-bca4-45a0-b299-7dd9a5055526,orcs,observed_activity,high,aranath,,,A chamber off the main passage. Three of them at a flat stone. Not fighting — occupied.,"They are speaking in something that is not Black Speech exactly — older, more structured. One of them is reading from a surface he cannot see from this angle.",They have not heard him. He is looking at something the Rangers have no record of — orcish lore-keepers in the act of keeping lore.,Does not enter. Listens. Maps the chamber location. Withdraws.,suspicion_of_strangers,
acaca425-d161-4ccf-accd-cf6aa21f9bb3,d76c89c5-cf8f-4db4-8405-5cc9459d95c3,maiar,watches,high,aranath,,,Nothing visible. A feeling on this road — the specific sensation of being noted. Not hunted. Catalogued.,It is subtle enough that he might dismiss it as nerves if he had not been trained to name what he feels on a road. Something south-east is aware of him.,Aranath does not know what it is. He knows what it feels like and he knows what Rangers are told to do when a road feels like this: leave it and circle wide.,Marks the road on his mental map. Circles wide.,suspicion_of_strangers,
1fb73640-38aa-4607-9e59-70de28cb514b,fcdd4c2a-4a10-408b-8a33-6fb81c70f563,orcs,confronts,high,aranath,,,"Sound first — many feet in the dark, coordinated. Then torchlight. A hunting-sweep.",They have done this before. This passage has one exit behind and one forward. They are moving to close both.,Rangers have protocols for this. The protocol assumes one exit is always available.,Moves toward the forward exit before they realize he is there.,threat_and_jeer,"Give them no real talk — only snarled threats, jeering, and the promise of a cruel end."
a22da3bf-f989-4bc9-90c8-7b4e92963d2a,0e26195f-6832-4fce-99a3-e62d39df1c7a,humans,brief_exchange,low,,,,"A pair heading the other direction — loaded for a few days' travel, not more. They nod when they pass.","They came from the settlement three days south. The road is fine until the river crossing, where one of the bridge stones has shifted and the ford is knee-deep in fast water. They recommend the mill crossing upstream.",They are telling the traveller because someone told them the same thing and it saved time. Road courtesy.,Thanks them. Notes the mill crossing.,news_and_rumor,"Have them trade news of the road — war, bandits, strange sights — hungry for word from elsewhere."
30b6f60b-46a0-4b9d-8eea-feb29e4fec69,0e26195f-6832-4fce-99a3-e62d39df1c7a,humans,brief_exchange,mid,,,,"A lone figure on the road, moving the same direction but slower. Lets the traveller catch up.","He is heading for Bree or Tharbad, depending on how the road is. He has heard conflicting things about the northern road — one person said clear, one said watched. He wants a second opinion from someone coming from that direction.",He is sharing information and looking for information. A straight exchange on a road where strangers have reason to help each other.,Gives him the honest read of the northern road. Gets his read of the south in return.,news_and_rumor,"Have them trade news of the road — war, bandits, strange sights — hungry for word from elsewhere."
12e0a24c-cff4-4b1b-be39-82b6109882c3,0e26195f-6832-4fce-99a3-e62d39df1c7a,humans,brief_exchange,high,,,,"A group of three, stopped at the side of the road. They are not resting — they are deciding whether to continue.","They have heard something about the road ahead that has given them pause. They will not say what exactly, only that someone they trust came back from that road looking wrong. They ask if the traveller has been on it recently.",They are afraid of something specific and they are not going to say what it is to a stranger. Their caution is its own warning.,Notes what they will not name. Takes it with them.,suspicion_of_strangers,"Have them probe in a guarded, even hostile way, mistrusting an unknown face in hard times."
b48a66d5-cdd0-49f0-8d56-fd2bc2adf8d1,68ee828e-f3a3-4140-95e3-74d880961e49,humans,brief_exchange,low,,,,"A proper merchant's outfit — two wagons, three hired hands, a specific destination. She waves from the wagon seat.",She is carrying cloth north from Gondor and expects to be back before the autumn rains close the high passes. She knows the roads between here and Tharbad better than anyone on them. She will trade road conditions for road conditions.,"Precise, practical, no wasted words. She has been doing this for twenty years and has no patience for anything that does not help her get her cloth to market.",Trades road conditions. Gets a detailed picture of the next three days.,news_and_rumor,"Have them trade news of the road — war, bandits, strange sights — hungry for word from elsewhere."
e2502490-a550-4a1d-8a04-f311eada5e69,68ee828e-f3a3-4140-95e3-74d880961e49,humans,brief_exchange,mid,,,,"Stranded at a wayhouse — the road ahead has been blocked for two days by men he does not recognize, demanding a toll he will not pay.","The toll is new. The men collecting it are new. The road has been free since before his father's time. Someone has decided to tax it and they are doing it informally, which means no authority has authorized it.",He is angry and he will tell anyone who will listen exactly where on the road the new toll-men are and what they look like.,Listens to the full description. Files the location.,news_and_rumor,"Have them trade news of the road — war, bandits, strange sights — hungry for word from elsewhere."
8297a25e-b394-401d-a486-16988b0d90f5,68ee828e-f3a3-4140-95e3-74d880961e49,humans,brief_exchange,high,,,,Moving fast and not stopping. One of the hands calls out as they pass: road is bad north of the junction.,Bad means something specific in the way he said it. Not conditions — people. He said it and the wagon did not slow.,The merchant does not want to be on this road long enough to explain himself.,Notes the junction. Notes the direction.,suspicion_of_strangers,"Have them probe in a guarded, even hostile way, mistrusting an unknown face in hard times."
28fc4dd0-ab9f-49ac-b78f-6bc3a4c60e94,d35954a3-8475-4536-8061-8ba854037b09,humans,sign_only,low,,,,"Fresh field-sign at a waystone — three nicks on the eastern face, clean cuts, pale inside. A patrol came through within the last day.","Standard Ranger road-mark: passage confirmed, route clear ahead. Current.",Someone checked this road recently and found it worth marking clean. That is useful information.,Reads it. Continues.,news_and_rumor,"Have them trade news of the road — war, bandits, strange sights — hungry for word from elsewhere."
ced7c29e-7ef8-4b05-90f8-2c89fd0c928e,d35954a3-8475-4536-8061-8ba854037b09,humans,brief_exchange,mid,,,,"He steps out of cover without warning, which is the point. He already knows the traveller is not a threat — he has been watching for a while.",He is running a circuit alone because his partner was called north two weeks ago and has not come back. He does not say this like a complaint — it is a field report delivered to the first person who seemed worth reporting to.,He is asking indirectly whether the traveller has seen anything on the northern road that would explain the absence.,Tells him what the northern road looked like. Watches him calculate.,suspicion_of_strangers,"Have them probe in a guarded, even hostile way, mistrusting an unknown face in hard times."
a99d21ff-5cd8-4273-9fe2-c396bfcd9a97,d35954a3-8475-4536-8061-8ba854037b09,humans,confronts,high,,,,He has been tracking the traveller for three miles before making contact. He says so without apology.,Something on this road has been wrong for a week and the traveller is the third person he has stopped. The first two he let go — they were clearly not what he was looking for. He is not yet certain about this one.,He has been alone long enough that his judgement about people has compressed into very fast pattern-matching. He is checking the traveller against a pattern.,Stays still. Does not explain anything until asked.,suspicion_of_strangers,"Have them probe in a guarded, even hostile way, mistrusting an unknown face in hard times."
0f7027fb-37cf-4768-af4e-19e3d581d30a,f01c1f88-c9dc-4969-858a-6c138ca63e24,humans,brief_exchange,low,,,,Grave courtesy on the road. He makes room and nods in the specific way of someone raised to be courteous to strangers on principle.,"He is carrying a sealed letter north — not Ranger business, personal. He asks whether the traveller has come from the north and whether the roads are open. He asks with the care of someone who cannot afford to have the letter delayed.",The letter matters to him. He is not going to say what it contains or who it is for. The care is visible.,Tells him the road condition. Does not ask about the letter.,where_are_you_bound,"Have them ask frankly but carefully who the traveller is, and where they are going, and why."
c33e7256-ab71-46c2-bb73-abfc3e9322bd,f01c1f88-c9dc-4969-858a-6c138ca63e24,humans,brief_exchange,mid,,,,"He has been on the road for three weeks and it shows — not in weakness, in a kind of settled, patient weariness.","He is going to see someone he has not seen in a long time, on account of business he has been putting off for years. He says this with the rueful honesty of someone who has had three weeks of walking to think about it.",He is not looking for advice. He is saying it out loud to a stranger because strangers on roads are the right audience for things you need to say out loud.,Listens without offering an opinion. That is what is wanted.,where_are_you_bound,"Have them ask frankly but carefully who the traveller is, and where they are going, and why."
85085423-9724-46b5-881d-6c474861830a,f01c1f88-c9dc-4969-858a-6c138ca63e24,humans,brief_exchange,high,,,,"He is moving fast and does not slow when the traveller comes into view — a sign, not a slight. He calls out as he passes: the eastern road is watched, use the ridge track.",He does not stop to explain. He has delivered what he knows and he is not slowing for anything.,He is the third person today to have said something about the eastern road without stopping to elaborate.,Takes the ridge track.,suspicion_of_strangers,"Have them probe in a guarded, even hostile way, mistrusting an unknown face in hard times."
5e3eac8e-a282-41ef-afe6-7b5ed3688148,1c5bd70e-4d0a-4572-850c-cd2deb200b57,humans,brief_exchange,low,,,,"Two of them on the road, well-dressed by southern standards, moving north for trade. They are politely formal — experienced with the suspicion their appearance generates in the north.",They are merchants out of Linhir heading for Bree. They have made this run four times and know the roads well. They will trade information freely because information is the currency of safe travel far from home.,They are more useful than they appear. The suspicion they have learned to manage has made them observant.,Trades road news. Gets a detailed account of the southern road.,news_and_rumor,"Have them trade news of the road — war, bandits, strange sights — hungry for word from elsewhere."
1e67e79a-f67d-4fbd-a4c7-97c75c86d944,1c5bd70e-4d0a-4572-850c-cd2deb200b57,humans,brief_exchange,mid,,,,"A lone southerner at a junction, studying both options. He has been standing there long enough that he has an opinion about the traveller's direction.",He came up the Gondorian coast and has been hearing the same rumour for two weeks — something about the northern road that nobody will say precisely. He wants to know if the traveller has heard the same rumour and what exactly it says.,He will share everything he knows about the southern road in exchange. He is genuinely trying to get home safely and this is the best information-exchange available.,Gives him the northern rumour as he heard it. Gets the southern picture in return.,news_and_rumor,"Have them trade news of the road — war, bandits, strange sights — hungry for word from elsewhere."
83829eb6-599b-41c4-bfa2-04da8025498d,1c5bd70e-4d0a-4572-850c-cd2deb200b57,humans,brief_exchange,high,,,,"A group of three moving south in a hurry, clearly done with whatever brought them north.","One of them glances at the traveller and then looks away fast — not guilty, scared. They have seen something on the road north of here and they are not going to describe it to a stranger. They are just leaving.",The speed of their departure is its own description.,Notes the direction they came from. Continues north.,suspicion_of_strangers,"Have them probe in a guarded, even hostile way, mistrusting an unknown face in hard times."
12289254-ea74-4e0a-a781-500f913a1b06,8c9a346b-5236-4af7-bb9e-14b4c2f51a87,humans,observed_activity,low,,northman,,"A small party of riders crossing the road ahead — moving east at an easy canter, not in formation.","Four of them, well-armed, moving between camps. They register the traveller on the road below and one of them raises a hand — not a greeting exactly, an acknowledgment. They continue without slowing.",They are on their own land doing their own business. The traveller is a small fact in a large landscape.,Returns the acknowledgment. Continues.,news_and_rumor,"Have them trade news of the road — war, bandits, strange sights — hungry for word from elsewhere."
3c266dd6-8403-4b76-bc7d-bb3c49a20c2b,8c9a346b-5236-4af7-bb9e-14b4c2f51a87,humans,brief_exchange,mid,,northman,,One of them has separated from a larger group and ridden to the road to speak. He does not dismount.,He wants to know where the traveller has come from and whether they saw anything unusual on the road from the west. He asks this in Westron with a Rohirric accent and the directness of someone who considers it a waste of time to build up to the question.,He is doing a job. The question is legitimate. He expects a direct answer.,"Gives him the western road conditions directly. He nods, thanks them in Rohirric, and rides back.",where_are_you_bound,"Have them ask frankly but carefully who the traveller is, and where they are going, and why."
186bc13e-db8e-4e42-bc10-f1d0c435f1ea,8c9a346b-5236-4af7-bb9e-14b4c2f51a87,humans,confronts,high,,northman,,"A full éored on the road ahead — thirty riders blocking it completely, watching the approach.",The captain rides forward alone. He says the road is closed by order of the Marshal until further notice. He says it with the calm of someone who has said it many times today.,This is not a patrol check. This is a military closure. Something significant has happened on this road.,Asks when the closure will lift. The captain does not know.,suspicion_of_strangers,"Have them probe in a guarded, even hostile way, mistrusting an unknown face in hard times."
0bfe858a-a1c1-46ab-910f-a56bdf3bee02,8107fb85-1a8a-4d93-8ee6-800cf52f09ca,humans,observed_activity,low,,northman,,"Two of them in the trees above the trail, moving silently parallel to the road. They are not hiding — just at home in the canopy.","They are checking something in the upper branches — a nest, a mark, something they maintain. They have noted the traveller on the road below without making it obvious.",They decide the traveller is not a problem and continue their work.,Continues without looking up.,news_and_rumor,"Have them trade news of the road — war, bandits, strange sights — hungry for word from elsewhere."
a5a2ddee-368a-4cf2-b18a-48fa053f9c02,8107fb85-1a8a-4d93-8ee6-800cf52f09ca,humans,brief_exchange,mid,,northman,,"A woodman at the forest edge, sharpening a tool. He looks up when the traveller approaches and does not stop sharpening.",Something has been coming out of the deep forest at night — not the usual things. He has been setting marks and finding them disturbed in ways that do not match any animal he knows. He mentions this because the traveller is going into the forest and he would want to know.,He is not going into the deep forest himself right now. He is saying this without embarrassment.,Asks what direction the disturbances are coming from.,news_and_rumor,"Have them trade news of the road — war, bandits, strange sights — hungry for word from elsewhere."
64f8bc5e-7a4a-46c3-a065-7707298b2207,8107fb85-1a8a-4d93-8ee6-800cf52f09ca,humans,brief_exchange,high,,northman,,"A group of them blocking the forest track — not hostile, but not moving either.",They do not want anyone going deeper into the forest right now. Something is wrong in there and they have not identified what it is yet. They are not asking — they are telling.,"They know this forest better than anyone. When people who know a forest this well close a track, the reason is real.",Asks what they have seen. Gets a partial answer.,suspicion_of_strangers,"Have them probe in a guarded, even hostile way, mistrusting an unknown face in hard times."
98ac0ce1-d02f-4196-979c-c965d3582401,c9006cd1-13b3-4fff-bfb2-b645eb5ee614,humans,brief_exchange,low,,northman,,"Enormous, unhurried, and looking at the traveller with the specific assessment of someone who has decided size is information.","He is a toll-keeper on this stretch of the Anduin road — the toll is real, Beorning-set, and it keeps the road open. He names the price, names what it pays for (road maintenance, patrol, the exclusion of wolves from this stretch), and waits.",The toll is fair. He is not going to negotiate but he is not going to threaten either. It is simply what the road costs here.,Pays the toll. Continues on a better road than most.,harvest_and_weather,"Have them talk plainly as working folk do: crops, beasts, the turning season, hard times or good."
7c097e18-ed29-4f06-b7f9-8b14884697e6,c9006cd1-13b3-4fff-bfb2-b645eb5ee614,humans,brief_exchange,mid,,northman,,He has been watching the traveller for ten minutes from a distance before approaching. He walks like someone for whom walking is not the first option.,"Something has been using the road at night without paying. Not orcs — he knows what orcs smell like. Something else, something he cannot identify, which is unusual for him. He asks if the traveller has seen anything on the road south that they could not name.",He is not afraid. He is curious in the way of someone who has catalogued every dangerous thing in this valley and found one he has not catalogued yet.,Tells him what the southern road looked like at night.,news_and_rumor,"Have them trade news of the road — war, bandits, strange sights — hungry for word from elsewhere."
e70566fc-65eb-4842-81cf-844a148fce39,227f3bd4-75f2-42ce-890e-e03e816d45b3,humans,brief_exchange,low,,dunadan_north,,A Bree woman at the wayhouse — the kind of Bree-lander who has seen enough travelers to read them quickly and has stopped being surprised by anything.,The common-room is full of road-news: a merchant came through two days ago with a story about orcs in the Weather Hills; a Ranger left this morning before anyone else was up; someone is asking questions about who has been using the East Road.,"She is not offering this as gossip — she is sharing it the way everyone in Bree shares information, which is as a kind of currency. She expects something in return.",Trades what the northern road looked like. Gets the full picture of what Bree currently knows.,local_gossip,
7167d9b5-f681-40da-9f4f-fb45e44e3f9d,227f3bd4-75f2-42ce-890e-e03e816d45b3,humans,brief_exchange,mid,,dunadan_north,,"A Bree man on the road, heading south, in a hurry that he is trying not to show.",He left Bree this morning because something happened at the inn last night that he will not describe. He says only that there are men staying there who are asking the wrong questions and that Bree's hospitality does not require answering them.,He is a Bree-lander — he does not scare easily. He is scared.,Asks what kind of questions. Gets: who came through recently and which way they went.,suspicion_of_strangers,"Have them probe in a guarded, even hostile way, mistrusting an unknown face in hard times."
9e5a73ad-dacb-475c-83d8-a36a63120281,227f3bd4-75f2-42ce-890e-e03e816d45b3,humans,brief_exchange,high,,dunadan_north,,"A small group at the road's edge — not traveling, waiting. They let the traveller approach before speaking.",The East Road has been wrong for three days. People are going in and not coming out on the other side. No one has closed the road. No one has explained it. The Bree-landers are practical people: they are waiting until someone they trust confirms what is happening.,They are asking the traveller if they came from the east. The question is genuine and the fear behind it is genuine.,Tells them what the eastern road looked like. Watches them receive it.,suspicion_of_strangers,"Have them probe in a guarded, even hostile way, mistrusting an unknown face in hard times."
45218918-df59-43d0-bbcb-424d28ab380d,1f91f41e-b157-4d60-9f1b-584cf8ebc0bf,humans,observed_activity,low,,dunlending,,"A bard at a clan gathering — protected by custom, moving freely between the fire-groups.","He is reciting genealogy and grievance — the two things Dunlending bards carry. The genealogy is for the clan hosting him. The grievance is about Rohan, and it is very specific: a name, a field, a season, a generation.","He has not acknowledged the traveller. The bard's protection is real but it applies to him, not to outsiders who wander into the recitation.",Stays at the edge of the firelight. Does not interrupt.,news_and_rumor,"Have them trade news of the road — war, bandits, strange sights — hungry for word from elsewhere."
eb173843-c7db-44b6-b10a-4683e393f0a0,1f91f41e-b157-4d60-9f1b-584cf8ebc0bf,humans,brief_exchange,mid,,dunlending,,"On the road between clan-holds, travelling alone with the easy confidence of someone whose profession protects them.","He has just come from three clans and he carries news between them the way a bard carries news — embedded in verse, interpretable only by those who know the code. He offers a plain-Westron summary to the traveller: the northern clans are considering something the southern clans will not like.",He can tell he is talking to someone who is not Dunlending. He is deciding how much of the summary to give.,Asks what the something is.,news_and_rumor,"Have them trade news of the road — war, bandits, strange sights — hungry for word from elsewhere."
3e8deb6e-174d-4724-8154-d9155d6a070d,1f91f41e-b157-4d60-9f1b-584cf8ebc0bf,humans,brief_exchange,high,,dunlending,,"Stopped in the road, looking at the traveller directly. This is not normal bard behavior.","He says: you are not supposed to be on this road today. He says it as a statement of fact, as if he has already told someone else this and is confirming it to the traveller as a courtesy.",Someone told him the traveller would be on this road. He was asked to pass a message. The message is: turn around.,Asks who sent the message. He will not say. Asks what is ahead. He will not say that either.,suspicion_of_strangers,"Have them probe in a guarded, even hostile way, mistrusting an unknown face in hard times."
024cca5e-3a79-45fa-a9c9-32b7aebffc67,4c245196-06e2-4481-aa69-d7ad18429751,humans,brief_exchange,low,,dunlending,,"A woman at the edge of a settlement, gathering something from the hillside. She looks at the traveller with the unhurried assessment of someone who has been evaluating strangers her whole life.","She can see the traveller is not in good shape — road-fatigue, a minor wound, something she can name before being asked. She names it. She has something for it but it will cost a small service: carrying a message to the next settlement.","The offer is fair. She is testing whether the traveller is worth helping, and the test is this: do they take the offer seriously or dismiss it.",Takes the offer seriously.,a_request_for_help,"Have them raise a trouble of their own — a beast, a feud, a missing kinsman — and hope the stranger might aid it."
5d922ce5-d59f-4c9d-9529-1f79c14a4479,4c245196-06e2-4481-aa69-d7ad18429751,humans,brief_exchange,mid,,dunlending,,She is treating someone in a tent off the road. She comes out when the traveller passes.,"The person she is treating has the same wound that has been appearing on three people in the last month — all on the same road, all in the same section. She does not know what is making it. She describes it carefully, because she wants someone to carry the description further north.",She is not asking for help. She is sharing a pattern. She has done everything she can for the people in front of her. The pattern is for whoever can use it.,Listens to the description. Carries it.,a_request_for_help,"Have them raise a trouble of their own — a beast, a feud, a missing kinsman — and hope the stranger might aid it."
298dcbe9-75c1-4181-96e5-1c97dfcac560,02dcbc70-8105-43f4-bfd1-03c085bc4539,elves,observed_activity,low,,sindar,,"A sense of being watched from the trees, and then — when the traveller stops — the watcher steps into view.",She has been following the traveller for half a mile. She says so without apology. She was checking whether they were going to do anything worth noting.,"She has decided they are not. She tells them this, which is its own kind of assessment.",Accepts the verdict.,weighing_the_heart,"Have them probe courteously, measuring the traveller's purpose and heart before they give any trust."
a2c005ce-870d-4d1b-8d5c-1b654bf002c7,02dcbc70-8105-43f4-bfd1-03c085bc4539,elves,brief_exchange,mid,,sindar,,Steps out of a tree shadow onto the path. The traveller had no warning.,"Something has been crossing into the forest from the road at night for a week. Not orcs — wrong print, wrong smell. She has been watching the crossing-point and has not caught it. She wants to know if the traveller saw anything unusual on the road at night.",She is asking because she has run out of her own leads. This is unusual for a forest ranger.,Thinks back over the night road. Tells her what was unusual.,suspicion_of_strangers,
651fff04-f169-4d58-8188-9e7b0ebf0c89,02dcbc70-8105-43f4-bfd1-03c085bc4539,elves,brief_exchange,high,,sindar,,She has been tracking something and the track ends at the road — which means whatever it is used the road to conceal its prints.,"She asks directly whether the traveller has seen any other traveller on this road in the last day who seemed wrong — not threatening, just wrong. The way someone seems wrong when they are performing being ordinary.",Half-orcs. She is looking for a half-orc who used the road as cover.,Describes the mercenary from the wayhouse two days back. Watches her recognize it.,suspicion_of_strangers,
06a542aa-44cb-4709-a4e7-17364504cd60,57650ea6-8999-4bf1-acc9-b32b4e23230d,elves,observed_activity,low,,,,"A small company on an old road — three of them, moving with the unhurried ease of people who have walked this path for longer than it has been a road.","They acknowledge the traveller with the courteous brevity of those who have more important things to think about. One of them is studying something at the side of the road — a stone, or a mark on a stone.","They are not going to explain what they are looking at unless asked, and asking may get more answer than expected.",Continues past. Or stops and asks.,old_grief,"Have them bring up an age-old loss — a drowned realm, a kinsman long dead — as though it were last night."
c2f98ed8-3747-4f35-94f9-9e9402e55829,57650ea6-8999-4bf1-acc9-b32b4e23230d,elves,brief_exchange,mid,,,,One of them addresses the traveller directly while the others continue. He has been waiting for the right person to pass.,"He has found something disturbing on this road — a disruption in the old markers, the kind that were laid in the Second Age. He does not have enough context to understand what caused it. He wants to know if the traveller has noticed anything unusual on this stretch.",He is not afraid. He is thorough. Something is wrong here and he is collecting testimony.,Tells him what was unusual. He listens without interrupting.,what_stirs_in_the_dark,"Have them ask quietly about the growing shadow, and rumour of orcs, wolves and fouler things abroad."
be8f7c53-e71a-458a-b2f6-b1c6cf10498f,8fb2d1a5-c6fd-4a6d-85d9-c32dbe6de7f5,humans,brief_exchange,low,,gondorian,,"A gate-check on the road into a fortified settlement. Formal, procedural, no hostility.","They want to know the traveller's destination and business. The sergeant records both. He offers, unprompted, that the road south is currently clear but the western fork has had reports of a broken bridge.",He is doing a job and doing it correctly. The information about the bridge is a professional courtesy.,Answers the questions directly. Notes the bridge.,where_are_you_bound,"Have them ask frankly but carefully who the traveller is, and where they are going, and why."
7f53ddb7-3b2f-4a64-8841-fdfcd3f4efcd,8fb2d1a5-c6fd-4a6d-85d9-c32dbe6de7f5,humans,confronts,mid,,gondorian,,"A patrol on the road — not at a gate, in the open. They have been looking for someone.",The sergeant describes a traveller who matches the description in his orders and asks if the traveller has seen anyone matching that description. He reads the description off a written note. It is specific.,The description matches someone the traveller may or may not have seen. The sergeant does not know this.,Thinks through the recent road. Gives an honest answer.,where_are_you_bound,"Have them ask frankly but carefully who the traveller is, and where they are going, and why."
af2a2b22-574d-43aa-b9e8-5e249d5439fa,8fb2d1a5-c6fd-4a6d-85d9-c32dbe6de7f5,humans,confronts,high,,gondorian,,A full patrol blocking the road at a junction. They have closed both directions.,The road ahead is under military restriction — the sergeant says this in the tone of someone who has been saying it for hours and expects it to be challenged. He will not say why.,Something has happened on the road ahead that Gondor does not want known yet. The restriction is new.,Asks how long the restriction will last. The sergeant genuinely does not know.,suspicion_of_strangers,"Have them probe in a guarded, even hostile way, mistrusting an unknown face in hard times."
550493da-b300-40de-adce-dcffca05f7d1,4be8ce2e-bc95-4905-8fa8-8bc6dfb014b1,humans,brief_exchange,low,,,,A man splitting wood at a farmstead off the road. He stops when the traveller passes and calls out a greeting.,"He has a spare room if the traveller needs to stop — a real bed, a meal, a fire. The price is fair. He has been hosting road-travelers for twenty years and is good at it.",The offer is genuine. He likes the company and the news from outside.,Considers the offer. Accepts or continues.,harvest_and_weather,"Have them talk plainly as working folk do: crops, beasts, the turning season, hard times or good."
26d3f407-17b9-4ea8-bd4b-946907f5c565,4be8ce2e-bc95-4905-8fa8-8bc6dfb014b1,humans,brief_exchange,mid,,,,Waving the traveller down from across a field.,"He needs help with something specific — a load that is too heavy for one person, a fence that needs a second pair of hands for an hour. He will pay in food and road information.",The help will take an hour. The road information is worth it.,Decides whether an hour is affordable.,a_request_for_help,"Have them raise a trouble of their own — a beast, a feud, a missing kinsman — and hope the stranger might aid it."
e3c95814-9d5e-42c5-a680-e37900fea59f,4be8ce2e-bc95-4905-8fa8-8bc6dfb014b1,humans,brief_exchange,high,,,,He comes to the road fence as the traveller passes and speaks quietly.,"Something has been coming to his animals at night — not taking them, scaring them. He has not been able to see it. He has three children and a farm and he has run out of options for explaining it. He asks if the traveller knows what leaves that kind of mark on a fence post.",The marks he describes match something specific. What it is depends on where the farm is.,Asks which direction the marks are on the post.,a_request_for_help,"Have them raise a trouble of their own — a beast, a feud, a missing kinsman — and hope the stranger might aid it."
53160f4d-4202-4ec5-845d-b1aacd176eef,3ef3eb9f-d0d0-41a0-af90-b4387492b1f4,humans,brief_exchange,low,,,,"A small group of traders, well-armed, clearly far from home. They are courteous in the specific way of people who have learned courtesy keeps them alive in foreign lands.","They are heading north to trade — spices, dyes, things the north does not produce. They have made this run before and know the roads. They want to know if the northern markets are still open; the last news they had was three months old.",They are asking in good faith. They know they are viewed with suspicion here and have chosen competence over charm as their approach.,Gives them the honest state of the northern markets.,news_and_rumor,"Have them trade news of the road — war, bandits, strange sights — hungry for word from elsewhere."
9e4c107e-051c-4e07-9125-178e38e2b8d8,3ef3eb9f-d0d0-41a0-af90-b4387492b1f4,humans,brief_exchange,mid,,,,"A soldier, not a trader — wrong equipment, wrong posture, too far north for his allegiance to be comfortable.",He speaks careful Westron and wants to know if there is a Gondorian garrison post within a day's travel. He asks this like a man who needs to turn himself in before someone else finds him.,He has crossed a line — either geographically or politically — and has decided his best option is the official one.,Tells him where the nearest garrison is. Does not ask what he did.,where_are_you_bound,"Have them ask frankly but carefully who the traveller is, and where they are going, and why."
d0769fe1-3b6d-442a-abf3-9832e0939de9,3ef3eb9f-d0d0-41a0-af90-b4387492b1f4,humans,brief_exchange,high,,,,"Moving fast in the other direction, not stopping. One of them looks at the traveller in a way that carries more information than a look should.",The look is a warning. It is not hostile — it is the look of someone who wants the traveller to know that what is ahead of them is something they are running from.,They are not going to stop and explain. They are running.,Notes what they are running from is north. Continues.,suspicion_of_strangers,"Have them probe in a guarded, even hostile way, mistrusting an unknown face in hard times."
141027f7-0e24-413d-bc03-09236c91eeb8,d23c16a2-86e0-4d46-821d-8002e6802f41,humans,brief_exchange,low,,gondorian,,"Ordinary settlement folk at the road's edge — not farmer exactly, not town exactly. The particular mix of the western Gondorian coast.","They are friendly in the easy way of people who are used to travelers. They offer water, tell the traveller about the road ahead (one ford that is tricky this time of year), and ask where they are coming from.",They want news from elsewhere. They will give road information freely in exchange.,Trades road news for road news.,harvest_and_weather,"Have them talk plainly as working folk do: crops, beasts, the turning season, hard times or good."
0e09289f-fe08-4a40-a274-de43f9cf8497,d23c16a2-86e0-4d46-821d-8002e6802f41,humans,brief_exchange,high,,gondorian,,"A family packing a cart — clearly leaving, clearly in a hurry, clearly not happy about it.","They are leaving their settlement because something happened three nights ago that they will not describe. The father says only: we are not the first to go. He says it looking at the road ahead, not at the traveller.",They are leaving in the same direction the traveller is going. That is its own information.,Asks how many families have left. He thinks. Then says: seven.,suspicion_of_strangers,"Have them probe in a guarded, even hostile way, mistrusting an unknown face in hard times."
c4ab7ca0-9789-4f72-88cd-6dd557e9d22b,e7963437-99f8-4831-9e59-27bfbd0ddbc6,humans,observed_activity,low,,gondorian,,"High on a ridge above the road — two of them, watching a herd of goats. They register the traveller below without particular interest.",Mountain people running their goats between summer and autumn pastures. They have been here every year of their lives and their parents before them. The traveller is a small event in a large rhythm.,They will ignore the traveller entirely unless addressed.,Continues without addressing them.,harvest_and_weather,"Have them talk plainly as working folk do: crops, beasts, the turning season, hard times or good."
faadaca2-67d3-4888-a6ba-b13e894bdb20,e7963437-99f8-4831-9e59-27bfbd0ddbc6,humans,brief_exchange,mid,,gondorian,,"One of them comes down from the ridge to the road — a long walk, done quickly. He wants something.",He wants the traveller to carry a message to the settlement at the valley bottom. The message is oral — he recites it twice to make sure it is memorized. It is about water rights and a dispute that has been going on for two seasons.,The message is important to him and he cannot go himself because the herd cannot be left. He is trusting a stranger with something that matters.,Memorizes the message. Agrees to deliver it.,a_request_for_help,"Have them raise a trouble of their own — a beast, a feud, a missing kinsman — and hope the stranger might aid it."
756abfb9-c9c2-49c5-a703-83aefe010ade,f71c45cf-b41f-451d-8581-6f9b199f71d3,trolls,confronts,low,,,,"Three of them around a fire on the road, arguing. They have not noticed the traveller.",The argument is about whether what they are cooking is better with the bones in or out. The level of disagreement is remarkable given the stakes. They are completely occupied.,Dawn is five hours away. The road goes around the fire on the right side if done quietly.,Does not step on anything. Goes around.,quarrel_among_themselves,
66548a9d-d032-42da-a216-bf8a716ce79d,f71c45cf-b41f-451d-8581-6f9b199f71d3,trolls,confronts,mid,,,,One of them is standing in the road. The other two are audible behind him but not visible.,"He says, slowly and with effort: got anything worth having? It is the entirety of his negotiation strategy.",He is asking before taking. This is as much courtesy as Stone-trolls offer.,Names what can be spared. Gives it over. Continues.,threat_and_jeer,
32d1e3d0-d58c-47f2-a89f-4517b6f9bf27,,trolls,confronts,mid,,,,"It comes around a boulder in the road. It sees the traveller and stops, which is not what they usually do.","It says — badly, in something that is approximately Westron — that this is its road at night. The statement is a test. It wants to see if the traveller argues.",Arguing with Hill-trolls on their roads at night is how travelers become stories told by other travelers.,Does not argue. Turns back. Finds another way.,threat_and_jeer,
e19fe0df-9568-4be5-affc-0234ed0ce0c0,,trolls,confronts,high,,,,"Two of them, already aware of the traveller. The larger one has moved to block the road ahead. The smaller one is circling.",The larger one says nothing. It is past the talking phase.,The circling one is the actual problem. The one in front is the distraction.,Does not look at the distraction.,threat_and_jeer,
e073672a-b354-410b-a70c-a099954d774e,401450db-8a05-4c49-a841-088ec3b6c5a5,trolls,confronts,high,,,,One on the road in full daylight. Armored. Not foraging — positioned.,It does not speak. It is not here to speak. It is here because something placed it here and it will not move until its purpose is accomplished or it is removed.,This is a weapon pointed at a road. The traveller is on the road.,Looks for what it is guarding. Then finds the way around.,threat_and_jeer,
43a3c42e-bc94-4f7b-b3b5-e81527557449,17016909-f35e-425e-a6b5-354d95b0d1ae,trolls,brief_exchange,mid,,,,"A soldier at a garrison post — large, dark-skinned, speaks Westron correctly. The garrison is not Gondorian.",He checks papers with the procedure of someone following orders. He is seven feet tall and armored in black and he is doing paperwork. The cognitive dissonance is its own kind of threat.,The procedure is real. Satisfying the procedure is the goal.,Produces what papers exist. Waits while he records them.,suspicion_of_strangers,
dd5d7207-dd26-4182-b594-f49596346158,d76c89c5-cf8f-4db4-8405-5cc9459d95c3,undead,confronts,high,,,,"The road empties. Sound goes wrong. The cold arrives before the shape does, and the shape has been there all along — the traveller simply could not see it until now.",It does not speak first. The waiting is the first move. Every second of waiting costs something.,"Whatever it wants from this road today, the traveller is in it now.",Does not move. Does not flee. Waits for it to declare itself.,threat_and_jeer,
ec610e45-c9d8-4de5-a596-7efc75312903,a15e6460-6717-4ced-b4f5-602aa7c5ea19,humans,brief_exchange,low,,,,"A family on the road, moving slowly. They have too little for the distance they are covering. One of the children is being carried.",They left their settlement four days ago on a rumor that the road south is safer. They do not know if the rumor is true. They are following it because staying felt worse.,They are not asking for anything. They are just on the road.,Gives them what food can be spared. Continues.,harvest_and_weather,"Have them talk plainly as working folk do: crops, beasts, the turning season, hard times or good."
eeef5665-9266-4805-9990-36529c48c2e1,a15e6460-6717-4ced-b4f5-602aa7c5ea19,humans,brief_exchange,mid,,,,"A lone man sitting at the roadside, not moving.","He is resting, or he has stopped being able to go on, and the two look the same from the road. When addressed he says he came from a settlement two days east where something happened that he will describe only as: everyone started leaving at once.",He does not know what caused the leaving. He left because everyone was leaving.,Asks which road he came from. Notes it.,news_and_rumor,"Have them trade news of the road — war, bandits, strange sights — hungry for word from elsewhere."
788b8c5f-c022-4d63-b7e0-a60aa7e3d6de,a15e6460-6717-4ced-b4f5-602aa7c5ea19,humans,brief_exchange,high,,,,"A group of them camped off the road — fifteen, twenty people, more than a family.","They are not moving. They have been here three days. The road ahead, they say, is where it started, and they will not go back onto it. The road behind, someone in the group says quietly, is no different.",They are trapped between two fears and they have chosen stillness over either direction.,Does not try to convince them to move. Asks what is on the road ahead.,suspicion_of_strangers,"Have them probe in a guarded, even hostile way, mistrusting an unknown face in hard times."
453a053d-fa0e-47f4-9e5a-fdb76ff39749,,dwarves,topic,low,,,,,,,,craft_and_gold,"Have him talk of fine work, rich seams and fair trade — gold, gems and the worth of things — and speak of them bluntly."
4c26e7df-575b-4a10-ac07-2660f804dc58,,dwarves,topic,low,,,,,,,,guarded_suspicion,"Have him put short, suspicious questions, saying little of his own roads and liking prying even less."
992e90c6-64a0-4998-8e3e-f44c0d017955,,dwarves,topic,low,,,,,,,,lost_halls,"Have him speak of a mansion or mine lost to dragon or goblin, and the wealth and kin buried with it."
61abbb90-e5ff-4fb7-9bc2-1adfa6218e91,,dwarves,topic,low,,,,,,,,oath_and_kin,"Have him speak of loyalty to king and folk, and the binding weight of a word once given."
1c77008d-1a8a-4e92-bee0-b40c548b020b,,dwarves,topic,low,,,,,,,,old_grudge,"Have him bring up a grievance nursed for generations — a slight, a debt, an enemy not yet repaid."
c68ada5d-5ee1-4263-82b0-8a9f4f6cd2e1,,elves,topic,low,,,,,,,,old_grief,"Have them bring up an age-old loss — a drowned realm, a kinsman long dead — as though it were last night."
742c8606-e4c2-4fe8-bbb3-b29e14804921,,elves,topic,low,,,,,,,,the_fading,"Have them speak of the slow fading of the Elves and the lands they must leave, with a sorrow worn smooth by long years."
939bb9af-d3cd-46e6-804d-adbb00cd5842,,elves,topic,low,,,,,,,,the_sea,"Have them turn the talk to the call of the Sea and the road West: who will take ship, and who will stay and dwindle."
00a5c4d0-f5ae-41e8-a499-839d123da70b,,elves,topic,low,,,,,,,,weighing_the_heart,"Have them probe courteously, measuring the traveller's purpose and heart before they give any trust."
3abb72d0-5a11-455a-bfc3-33d4d73edea6,,elves,topic,low,,,,,,,,what_stirs_in_the_dark,"Have them ask quietly about the growing shadow, and rumour of orcs, wolves and fouler things abroad."
8ae012bc-cf40-4f9e-9d47-4eb0bcce56c1,,hobbits,topic,low,,,,,,,,food_and_comfort,"Have them talk of the next meal, good ale, a warm fire and a soft bed — the real business of life."
838670bb-c724-4a8e-aa48-231747d99d70,,hobbits,topic,low,,,,,,,,home_and_family,"Have them chatter about their hole, their garden, their kin and the doings of the next farm over."
c6922ab1-accb-40e5-bc61-517966fa41f4,,hobbits,topic,low,,,,,,,,local_gossip,"Have them share who said what to whom, and the small scandals and rumours of the country round."
56b717a5-e2fe-4843-841a-cddddf1670fe,,hobbits,topic,low,,,,,,,,simple_kindness,"Have them offer food, a tale or directions, with homely, unsuspecting goodwill."
d4a8dbe7-1a7d-491d-91a5-3fe445d83280,,hobbits,topic,low,,,,,,,,wary_of_big_folk,"Have them show polite unease at strangers and the wide world, wishing adventures would happen elsewhere."
f49946e9-2fe5-410a-b3cf-334f1b36a745,,humans,topic,low,,,,,,,,a_request_for_help,"Have them raise a trouble of their own — a beast, a feud, a missing kinsman — and hope the stranger might aid it."
eca585dc-18f4-4148-8c8e-4a03d2d7e84f,,humans,topic,low,,,,,,,,harvest_and_weather,"Have them talk plainly as working folk do: crops, beasts, the turning season, hard times or good."
69f13890-f31d-4cfe-b4ff-8b39b672bd5d,,humans,topic,low,,,,,,,,news_and_rumor,"Have them trade news of the road — war, bandits, strange sights — hungry for word from elsewhere."
9c9f9660-0188-4ba1-b424-3e1c468e2af5,,humans,topic,low,,,,,,,,suspicion_of_strangers,"Have them probe in a guarded, even hostile way, mistrusting an unknown face in hard times."
8aa2eca5-3a16-4b5b-83a3-122004326041,,humans,topic,low,,,,,,,,where_are_you_bound,"Have them ask frankly but carefully who the traveller is, and where they are going, and why."
b7d1fa41-b710-40dc-9219-4f737a85afb9,,maiar,topic,low,,,,,,,,a_strange_offer,"Have them offer aid on terms of their own — a gift, a path, a rescue — odd and not freely explained."
8d92f815-212b-4b79-91de-c2cef7e33b48,,maiar,topic,low,,,,,,,,care_of_living_things,"Have them turn the talk to beasts, trees and growing things, and the keeping of them."
055daf6a-13e5-4b74-840d-b1bb44333c13,,maiar,topic,low,,,,,,,,riddle_and_counsel,"Have them speak words that carry more than they say — a warning, a riddle, or counsel from one far older than he seems."
994f2eb4-065a-46e4-9a9e-79107ca6509a,,maiar,topic,low,,,,,,,,testing_the_traveller,"Have them put a strange, searching question that seems to weigh the traveller's worth or errand."
f67ad5c5-743e-4d28-9ceb-0445739cc13d,,maiar,topic,low,,,,,,,,the_long_defeat,"Have them turn the talk to the great shape of things: the slow war against the Shadow, and each one's small part in it."
4ef6cf51-29b6-4ceb-b6d6-56f5eca7d94e,,orcs,topic,low,,,,,,,,interrogation,"Have them fling harsh demands at a captive — who are you, who sent you, what do you carry — backed by the lash."
d9bb8270-39d8-434b-8c17-175e9f38bf63,,orcs,topic,low,,,,,,,,quarrel_among_themselves,"Have them bicker and turn on one another over loot, orders or who eats first, overheard by the traveller."
4acd86bf-bf8a-4c5f-8a5d-0866c5b6c108,,orcs,topic,low,,,,,,,,threat_and_jeer,"Give them no real talk — only snarled threats, jeering, and the promise of a cruel end."
0a1d0001-0000-4000-8000-0a1d00000001,,humans,aid_or_trade,low,,,,"Offers before he is asked, then puts his questions after the food and not before.","A byre-loft to sleep in, thin barley bread and a share of the pot. Coin is refused — coin draws the tax-riders and the tale-tellers. What they want is word from the road and an hour of hands at the evening work.",The bargain is real on both sides and neither will name it aloud.,Takes the fire. Pays in news and in labour before sleeping.,news_and_rumor,"Have them trade news of the road — war, bandits, strange sights — hungry for word from elsewhere."
0a1d0002-0000-4000-8000-0a1d00000002,,humans,aid_or_trade,mid,,,,"Willing, but the welcome is measured out — one night, the outer room, the door barred behind him.","They will trade dried meat and the name of the safer of the two fords, but they want to know which road he came by and whether anything came along it behind him.",Something has taught this house to count strangers. They will help and still be glad to see him gone at first light.,Answers the question about the road honestly. Does not ask what happened here.,suspicion_of_strangers,"Have them probe in a guarded, even hostile way, mistrusting an unknown face in hard times."
0a1d0003-0000-4000-8000-0a1d00000003,,humans,aid_or_trade,high,,,,The offer comes from the doorway and no one steps out past it.,"Food left on the gate-stone, water drawn and set beside it. They will not have him under the roof and they will not let him go hungry either.",They are afraid of what walks the country now and not certain he is no part of it. The charity is real; the fear is older.,Eats what is given at the gate. Leaves the bowl clean and something small beside it.,suspicion_of_strangers,"Have them probe in a guarded, even hostile way, mistrusting an unknown face in hard times."
0a1d0004-0000-4000-8000-0a1d00000004,,humans,aid_or_trade,low,aranath,,,"Reads the gear and the northern bearing and settles on a Ranger's welcome — plain, unfussed, no questions about the errand.","Hot food, a dry corner and grain for the road. In return they want to know whether the Greenway is being watched between here and the Bree-land, because their carter is due to travel it.",They know what he is without the word being said. Rangers are useful and slightly unlucky to have at the table.,Gives the road honestly and names the two places he would not stop at. Takes only what he can carry.,news_and_rumor,"Have them trade news of the road — war, bandits, strange sights — hungry for word from elsewhere."
0a1d0005-0000-4000-8000-0a1d00000005,,humans,aid_or_trade,mid,aranath,,,"Offers the fire, then watches him eat with the attention of someone deciding whether to say more.","They have kept a bundle for the next Ranger through — arrowheads, a mended cloak, and a folded scrap of writing left by a man who never came back for it.",They have been holding a dead man's gear for two seasons and would rather hand it to a stranger than keep it another night.,Takes the bundle. Reads the writing. Says nothing of what it means to him.,a_request_for_help,"Have them raise a trouble of their own — a beast, a feud, a missing kinsman — and hope the stranger might aid it."
0a1d0006-0000-4000-8000-0a1d00000006,,humans,aid_or_trade,high,aranath,,,Grim hospitality. The door opens because a Ranger is at least a known kind of trouble.,They will feed him and ask him to walk out at first light to the sheep-fold on the ridge — something took two ewes there and left the carcasses untouched.,They want the fold looked at and they do not want to be told the worst answer if that is what he finds.,Eats. Goes out at dawn. Tells them only what they can use.,a_request_for_help,"Have them raise a trouble of their own — a beast, a feud, a missing kinsman — and hope the stranger might aid it."
0a1d0007-0000-4000-8000-0a1d00000007,,humans,aid_or_trade,low,celebrian,,,"Formal and a little dazzled, unsure whether they should offer at all, offering anyway.","The best of the house pressed on her — new bread, honey, the one good cup — and a request that she look at a child who does not thrive.",They have nothing worth giving to one of her kind and are giving it regardless. Refusing would cost them more than accepting.,Accepts the cup. Looks at the child. Says what can be done in words a farmer can use.,a_request_for_help,"Have them raise a trouble of their own — a beast, a feud, a missing kinsman — and hope the stranger might aid it."
0a1d0008-0000-4000-8000-0a1d00000008,,humans,aid_or_trade,mid,celebrian,,,"Hospitality given at arm's length, with the door left open behind her and someone always in the room.","They will share the fire and the pot but will take neither payment nor thanks, and they ask that she not be seen leaving by the village road in the morning.",Kindness that must not be witnessed. It is not her they fear — it is what their neighbours would make of it.,Agrees to the back path. Does not make them explain it.,suspicion_of_strangers,"Have them probe in a guarded, even hostile way, mistrusting an unknown face in hard times."
0a1d0009-0000-4000-8000-0a1d00000009,,humans,aid_or_trade,high,celebrian,,,"An old woman decides for the household, over the muttering of the men, and puts food into her hands.","A hearth-place for the night, and a question asked very low: whether the lights on the hills are what her grandmother always said they were.",The old woman has waited her whole life to ask someone who would know. The answer will not comfort her.,Answers truthfully and briefly. Does not dress it up for her.,news_and_rumor,"Have them trade news of the road — war, bandits, strange sights — hungry for word from elsewhere."
0a1d0010-0000-4000-8000-0a1d00000010,,humans,aid_or_trade,low,,dunlending,,"Grudging at first, then bluntly hospitable once he is judged no friend of the Horse-lords.","Mutton, curds and a place at the peat-fire, for a straight answer about the road east and whether riders have been counted on it lately.",The whole welcome hangs on one thing — which side of the old quarrel he stands on. They will not ask twice.,Answers plainly. Neither defends the Rohirrim nor flatters the hill-folk.,suspicion_of_strangers,"Have them probe in a guarded, even hostile way, mistrusting an unknown face in hard times."
0a1d0011-0000-4000-8000-0a1d00000011,,humans,aid_or_trade,mid,,dunlending,,A clan-head hears him out at the door of the long house before anything is decided.,"They will trade bread and a guide over the shoulder of the hills for worked iron — a knife, a spearhead, anything — and for the name of whoever fired the sheiling at the head of the valley.",They believe a stranger knows more than he is saying. The trade is also a test of that.,Gives up the knife. Says what he knows of the burning and no more than that.,news_and_rumor,"Have them trade news of the road — war, bandits, strange sights — hungry for word from elsewhere."
0a1d0012-0000-4000-8000-0a1d00000012,,humans,aid_or_trade,low,,northman,,"Loud, generous and immediately curious, with beer in his hand before the greeting is finished.","A bench in the hall, meat and ale, and the whole household wanting news of the southern roads; they will send him on with smoked fish and a fresh haft for his axe.",The generosity is genuine and the questioning is relentless. Nothing is owed and everything is asked.,Eats well. Gives news freely. Keeps his own errand out of it.,news_and_rumor,"Have them trade news of the road — war, bandits, strange sights — hungry for word from elsewhere."
0a1d0013-0000-4000-8000-0a1d00000013,,humans,aid_or_trade,mid,,northman,,"Hospitable, but the talk keeps circling back to the eastern road and who has been coming down it.",They will provision him for three days if he carries word to the next steading: keep the beasts in and send no children to the summer pasture this year.,They are being pushed westward by something they will not name at the table and would rather send a warning than admit it aloud.,Takes the message. Carries it. Repeats it exactly as given.,a_request_for_help,"Have them raise a trouble of their own — a beast, a feud, a missing kinsman — and hope the stranger might aid it."
0a1d0014-0000-4000-8000-0a1d00000014,,humans,aid_or_trade,low,,gondorian,,Correct and faintly official — hospitality offered as a duty of the province rather than a kindness.,"A place in the outbuilding, bread, oil and olives, and his name and road written into the tally the village keeps for the garrison.","The hospitality is real. So is the tally, and someone in Minas Anor will read it eventually.",Gives a name they can write down. Sleeps in the outbuilding. Leaves early.,where_are_you_bound,"Have them ask frankly but carefully who the traveller is, and where they are going, and why."
0a1d0015-0000-4000-8000-0a1d00000015,,humans,aid_or_trade,mid,,gondorian,,"A steward-minded man who wants to help within the rules, and is unhappy about where the rules have got to.","He will sell food at last year's price and mention that the garrison has not patrolled past the third milestone since spring, whatever the notice at the well still says.",He is telling a stranger something he ought to be telling his own captain. He knows it.,Pays the asked price. Marks the milestone. Does not press him further.,news_and_rumor,"Have them trade news of the road — war, bandits, strange sights — hungry for word from elsewhere."
0a1d0016-0000-4000-8000-0a1d00000016,,humans,aid_or_trade,low,,dunadan_north,,"Recognises the manner if not the man, and the door opens wider than it would for anyone else.","A dry loft, hot food and the loan of a whetstone. The household keeps a bundle of arrows for those who walk this road and asks only for word of the northern circuit.",These are folk who have kept faith with a ruined kingdom for generations and want to hear that it still counts for something.,Takes the arrows. Gives a true answer about the north even where the truth is thin.,news_and_rumor,"Have them trade news of the road — war, bandits, strange sights — hungry for word from elsewhere."
0a1d0017-0000-4000-8000-0a1d00000017,,humans,aid_or_trade,low,,coastal,,"Weather-hardened and easy, judging him the way they judge a boat — by whether he will be trouble in a swell.","Smoked fish, flat bread and a berth in the net-loft, on the understanding that he takes an oar if the boat goes out before dawn.","Nothing here is free, but the price is work and everyone knows the rate.",Takes the oar. Earns the breakfast.,harvest_and_weather,"Have them talk plainly as working folk do: crops, beasts, the turning season, hard times or good."
0a1d0018-0000-4000-8000-0a1d00000018,,humans,aid_or_trade,low,,lossoth,,Careful and entirely practical. They do not ask his errand; they ask what he has on his feet.,"Seal-meat, a place out of the wind and dry boot-liners of woven grass — given because a badly shod stranger will be dead within the moon, and dead strangers bring bad luck.",There is no sentiment in it. The land does not allow any. The gift is exact and it will save his life.,Accepts the liners. Copies the way they are packed. Repays it in iron.,harvest_and_weather,"Have them talk plainly as working folk do: crops, beasts, the turning season, hard times or good."
0a1d0019-0000-4000-8000-0a1d00000019,,humans,aid_or_trade,low,,wild,,"Wary and hard to read, offering from a distance and only after long looking.","A share of what is on the spit and a place at the edge of the firelight. They want arrowheads, salt, or word of where the war-bands are moving — in that order.",They are camped in country nobody rules and they trust nothing that has not yet proved useful.,Sits where he is put. Trades the salt. Sleeps light.,suspicion_of_strangers,"Have them probe in a guarded, even hostile way, mistrusting an unknown face in hard times."
0a1d0020-0000-4000-8000-0a1d00000020,,humans,aid_or_trade,low,,wild_mountain,,A shepherd on high ground who has decided he is no raider and has therefore become talkative.,"Ewe-cheese, hard bread and a way over the shoulder of the pass that is a day shorter than the road — in exchange for help walking a lame ewe down to the fold.",The short way is real and it is only offered to those who help with the ewe. That is the whole of the test.,Carries the ewe down. Takes the short way.,harvest_and_weather,"Have them talk plainly as working folk do: crops, beasts, the turning season, hard times or good."
0a1d0021-0000-4000-8000-0a1d00000021,,humans,aid_or_trade,low,,wild_wose,,"Nothing is said. A hand shows him the fire, then shows him where he may sit.","Roasted roots and water, and afterwards three cut sticks laid on a stone that give the shape of the trail ahead and the one place on it that must be walked around.",They are handing him the land in their own language and they will not repeat it. Either he can read it or he cannot.,Reads the sticks. Leaves dried meat on the stone. Walks around the marked place.,news_and_rumor,"Have them trade news of the road — war, bandits, strange sights — hungry for word from elsewhere."
0a1d0022-0000-4000-8000-0a1d00000022,,humans,aid_or_trade,mid,,wild,,Deals from behind a spear-shaft and does not lower it while the trade is made.,"They have water, roots and a route around the burnt country to the north, and they want a blade or a cloak-pin for it. The price is not negotiable and not unfair.",They have been raided twice this season and will trade with anyone who is not carrying the raiders' gear.,Pays without haggling. Leaves by the road they name.,suspicion_of_strangers,"Have them probe in a guarded, even hostile way, mistrusting an unknown face in hard times."
0a1e0001-0000-4000-8000-0a1e00000001,1007565e-5a57-46d9-9089-2f94e04a2e01,humans,aid_or_trade,low,,dunlending,,"Three of them come down to the fire uninvited, sit on their heels and wait to be told who he is before anything is offered.","Mutton fat, oatcake and a skin of thin beer, once he has answered where he is bound. They also want to know how many riders he has passed on the open grass and whether any of them carried a horn.",Hill-folk share their fire readily and their trust never. What is being bought with the food is information about the horse-folk.,Answers about the riders without pretending not to have seen them. Eats what is put in his hand.,suspicion_of_strangers,"Have them probe in a guarded, even hostile way, mistrusting an unknown face in hard times."
0a1e0002-0000-4000-8000-0a1e00000002,1007565e-5a57-46d9-9089-2f94e04a2e01,humans,aid_or_trade,mid,,,,Guarded and blunt. The eldest does the talking; the young men stand back with their spears grounded and their faces closed.,"They will give him a place by the fire, cold mutton and the name of a dry crossing, and in exchange they want salt and an oath that he carries no word to the horse-folk about where this camp stands.",They are in country they consider stolen from them and they are camped on it without leave. The hospitality is genuine and so is the threat under it.,Gives the salt. Gives the promise and means it. Sleeps with his boots on.,suspicion_of_strangers,"Have them probe in a guarded, even hostile way, mistrusting an unknown face in hard times."
0a1e0003-0000-4000-8000-0a1e00000003,1007565e-5a57-46d9-9089-2f94e04a2e01,humans,aid_or_trade,high,,,,"No welcome at all until an old woman overrules the men, and then the welcome is total and slightly frightening.","Food, a hide to sleep under and a warning: two of their own went east to the burnt sheiling nine days ago and nothing has come back down that track since, not even the dogs.",They need a stranger to walk that track because they will not send more of their own. They will not ask outright. They will let him work out that they need it.,Eats. Understands what is not being asked. Decides whether the track is his business.,a_request_for_help,"Have them raise a trouble of their own — a beast, a feud, a missing kinsman — and hope the stranger might aid it."
0a1e0004-0000-4000-8000-0a1e00000004,1007565e-5a57-46d9-9089-2f94e04a2e01,humans,aid_or_trade,low,aranath,dunlending,,"Sorts him at a glance: not of the horse-folk, not of Gondor, therefore tolerable. The manner shifts from hard to merely watchful.","Curds and barley bread, and a track over the shoulder of the hills that avoids the claimed ground entirely — offered because a man who walks alone and armed is worth having as a neutral thing on the road.","They are buying his indifference, not his friendship. Both sides know the coin is fair.",Names himself Dúnedain and nothing more. Takes the track they name.,where_are_you_bound,"Have them ask frankly but carefully who the traveller is, and where they are going, and why."
0a1e0005-0000-4000-8000-0a1e00000005,1007565e-5a57-46d9-9089-2f94e04a2e01,humans,aid_or_trade,low,celebrian,dunlending,,Suspicion first — Elves are a thing their tale-tellers use to explain misfortune — then the practical business of a hard year takes over.,"They will feed her and let her sleep within the ring of the camp, and one man asks, half ashamed, whether she can tell why the spring below the camp has gone bitter.",She could tell them exactly why. Telling them will confirm something they would rather have kept as a story.,Looks at the spring. Gives them the plain cause and the plain remedy. Lets the story die.,a_request_for_help,"Have them raise a trouble of their own — a beast, a feud, a missing kinsman — and hope the stranger might aid it."
0a1e0006-0000-4000-8000-0a1e00000006,4c245196-06e2-4481-aa69-d7ad18429751,humans,aid_or_trade,low,,,,A hill-healer who wants to see his hands and his feet before she offers anything else.,"Salve for cracked heels, a bundle of dried yarrow and a pot of something bitter for river-fever, traded for needles, thread or any small worked steel she cannot get up here.",Her craft is real and old and she is short of everything that has to be forged rather than grown.,Trades the needles. Takes the yarrow. Listens to how she says it should be used.,harvest_and_weather,"Have them talk plainly as working folk do: crops, beasts, the turning season, hard times or good."
0a1e0007-0000-4000-8000-0a1e00000007,8c9a346b-5236-4af7-bb9e-14b4c2f51a87,humans,aid_or_trade,low,,northman,,"Riders pull up, look down from the saddle, and are courteous in the way of people who have already decided they could deal with him if it came to that.","Hard cheese, dried meat and a full water-skin, plus the shortest line to the nearest hall — freely given, because on the open grass a traveller left dry is a traveller who dies badly.",The gift costs them nothing and is a point of honour. Refusing it would be the insult.,Accepts. Answers where he is bound. Does not ask for an escort.,harvest_and_weather,"Have them talk plainly as working folk do: crops, beasts, the turning season, hard times or good."
0a1e0008-0000-4000-8000-0a1e00000008,8c9a346b-5236-4af7-bb9e-14b4c2f51a87,humans,aid_or_trade,mid,,,,Helpful and openly measuring him at the same time — one of the riders keeps circling wide while the other talks.,"They will share food and grain and ask, in return, whether he has seen fires in the hills to the west, and how many, and how far apart.",They are counting hill-folk camps and he is the only source they have today. What he says may put riders on a track by tomorrow.,Gives only what he actually saw. Refuses to guess at numbers.,news_and_rumor,"Have them trade news of the road — war, bandits, strange sights — hungry for word from elsewhere."
0a1e0009-0000-4000-8000-0a1e00000009,1fce59e8-3cd1-4c7b-bda6-65b87652eee1,humans,aid_or_trade,low,,northman,,"Horse-folk at a picket-line, easy and loud, feeding him before they have his name.","Mare's milk, meat and a place at the fire; they want to hear the state of the grass and the water on the road he came by, since they are moving the herd within the week.",Their whole year turns on where the grazing is good. A traveller's eyes are worth a meal.,Describes the grass and the water honestly. Eats and moves on.,harvest_and_weather,"Have them talk plainly as working folk do: crops, beasts, the turning season, hard times or good."
0a1e0010-0000-4000-8000-0a1e00000010,b7757f56-109f-4cfb-bb1e-4e5b8000ff86,humans,aid_or_trade,low,,wild_wose,,No greeting is offered and none is expected. A hand puts food where he can reach it and withdraws.,"Roots, smoked meat and a gourd of clean water. Afterwards a mark is cut into a stump beside the trail: the sign that says this one may pass.",The gift is real and the silence is not unfriendliness. They are simply not a people who explain themselves.,Eats. Leaves a strip of dried meat where the food was set. Does not try to make talk.,news_and_rumor,"Have them trade news of the road — war, bandits, strange sights — hungry for word from elsewhere."
0a1e0011-0000-4000-8000-0a1e00000011,227f3bd4-75f2-42ce-890e-e03e816d45b3,humans,aid_or_trade,low,,dunadan_north,,"Comfortable, nosy and entirely friendly — the innkeeper's manner, whether or not there is an inn.","A bed of straw, stew, small beer and the whole state of the Bree-land laid out unasked, in exchange for news of the Greenway and a copper or two.",Nothing is at stake for them and everything is interesting. The price of the bed is the story.,Pays the coppers. Gives an edited version of the road. Sleeps warm.,news_and_rumor,"Have them trade news of the road — war, bandits, strange sights — hungry for word from elsewhere."
0a1e0012-0000-4000-8000-0a1e00000012,227f3bd4-75f2-42ce-890e-e03e816d45b3,humans,aid_or_trade,mid,,,,"Friendly, but the gate is shut behind him and the talk turns quickly to who has been on the road lately.","Food and a roof for a fair price, and a plain warning that two waggons went south last month and only one came back, and nobody official has come to ask about it.",They want someone to take the matter seriously without them having to be the ones who made a fuss about it.,"Takes the room. Notes the month and the road. Says he will keep his eyes open, and means it.",news_and_rumor,"Have them trade news of the road — war, bandits, strange sights — hungry for word from elsewhere."
0a1e0013-0000-4000-8000-0a1e00000013,c45a0a85-fb39-4f75-8d23-c4d9c670ae4c,humans,aid_or_trade,low,,northman,,"Boatmen who deal briskly and price everything, including kindness, without embarrassment.","Passage downriver on the barge, a share of the fish and a dry place among the bales, for coin, tobacco or three hours at the pole.",They will take him if he is useful and put him off at the next landing if he is not. It is not personal.,Takes the pole for three hours. Rides the barge as far as it goes.,harvest_and_weather,"Have them talk plainly as working folk do: crops, beasts, the turning season, hard times or good."
0a1e0014-0000-4000-8000-0a1e00000014,720a4236-4411-48f6-bc40-9b9981370990,humans,aid_or_trade,low,,,,"A tinker with a pack-frame and a cart, delighted to have someone new to talk at.","Mended straps, a new buckle and a resoled boot for a small coin, plus every rumour between here and the last market — some of them even true.",He is lonely and he is a trader and both of those are working on him at once.,Gets the boot mended. Sorts the rumours quietly into true and useless.,news_and_rumor,"Have them trade news of the road — war, bandits, strange sights — hungry for word from elsewhere."
0a1e0015-0000-4000-8000-0a1e00000015,c9006cd1-13b3-4fff-bfb2-b645eb5ee614,humans,aid_or_trade,low,,northman,,"A big man who does not smile, blocks the doorway of the steading, then steps aside and puts honey on the table.","Bread, cream and honey and no meat at all at that board, and a bed in the hay; what he wants in return is an accounting of any beast the traveller has killed on his land.",The hospitality is generous and there are rules under it that are not open to discussion.,Eats what is set out. Answers about the hunting truthfully. Does not ask about the bees.,care_of_living_things,"Have them turn the talk to beasts, trees and growing things, and the keeping of them."
0a1e0016-0000-4000-8000-0a1e00000016,8107fb85-1a8a-4d93-8ee6-800cf52f09ca,humans,aid_or_trade,low,,northman,,"Wary at the treeline, then practical once it is clear he is walking through and not settling in.","A share of the pot, resin-torches for the night stretch and directions to the one clearing where a fire will not be seen from the eastern slopes.",They live under the eaves of a wood that has been getting worse for a generation and they measure every kindness against the risk of being noticed.,Takes the torches. Camps where they told him to camp.,what_stirs_in_the_dark,"Have them ask quietly about the growing shadow, and rumour of orcs, wolves and fouler things abroad."
0a1e0017-0000-4000-8000-0a1e00000017,af9f82a0-f0b7-419c-84b7-5f2e31339980,humans,aid_or_trade,low,,wild_mountain,,A shepherd glad of a face; he has been on the high pasture with dogs and ewes for five weeks.,"Cheese, hard bread and the loan of a dog for the night watch, in exchange for company at the fire and an honest answer about the state of the lower fords.",He wants talk more than he wants goods. The dog is offered because he cannot think what else to give.,Talks. Takes the dog. Returns it in the morning.,harvest_and_weather,"Have them talk plainly as working folk do: crops, beasts, the turning season, hard times or good."
0a1e0018-0000-4000-8000-0a1e00000018,bcf9bf2a-fca1-49d8-b540-a0e0777a047e,humans,aid_or_trade,low,,lossoth,,"Silent assessment of his clothing, then a decision made without discussion.","A snow-house shared for the night, seal-fat, and a hooded overshirt of gut-skin that will keep the wind out; they want iron, needles or fish-hooks, nothing else.",They are the only people who live here and they know exactly what it costs to be wrong about the weather. The trade is a lesson as much as a bargain.,Trades the hooks. Wears the overshirt. Copies how they bank the fire.,harvest_and_weather,"Have them talk plainly as working folk do: crops, beasts, the turning season, hard times or good."
0a1e0019-0000-4000-8000-0a1e00000019,ce1b0165-d4ed-4828-a777-56d4aa27c185,humans,aid_or_trade,low,,,,Marsh-folk who speak little and point often; a punt is already being poled towards him before anything is agreed.,"Eel, flat reed-bread and a lift across the wet ground by punt, for a coin or a favour; and a warning about which of the two channels is walked and which is only ever floated.",The marsh kills people who guess. They would rather ferry him than find him.,Takes the punt. Remembers which channel is which.,harvest_and_weather,"Have them talk plainly as working folk do: crops, beasts, the turning season, hard times or good."
0a1e0020-0000-4000-8000-0a1e00000020,4fece4e4-08d2-47d7-bd3d-d5df7f88ae47,humans,aid_or_trade,low,,gondorian,,A farmer with dust on him who offers the shade first and the food second.,"Bread, oil, dried figs and water from the well, sold at a fair price, and the news that the road bridge two leagues on is down and the ford is being used instead.",He wants nothing but a witness to the fact that nobody has come to mend the bridge since spring.,Buys the food. Uses the ford. Remembers the complaint.,harvest_and_weather,"Have them talk plainly as working folk do: crops, beasts, the turning season, hard times or good."
0a1e0021-0000-4000-8000-0a1e00000021,5b75366c-61af-4ded-a618-1ec0394a379c,humans,aid_or_trade,low,,,,A caravan-master who prices him as cargo before he speaks: one more body on the road is either a guard or a risk.,"A place walking with the waggons, two meals a day and water, in exchange for standing a watch each night as far as the next market town.",Company on the road is worth food to them and food is worth company to him. The arrangement lasts exactly as long as it suits both.,Takes the watch. Walks with the waggons. Leaves when the roads part.,news_and_rumor,"Have them trade news of the road — war, bandits, strange sights — hungry for word from elsewhere."
0a1e0022-0000-4000-8000-0a1e00000022,5b75366c-61af-4ded-a618-1ec0394a379c,humans,aid_or_trade,mid,,,,The master deals fast and keeps looking back down the road while he does it.,"He will sell food cheap and pay for a sword to walk with them tonight, because he has seen the same three men behind the caravan since the last river crossing.",He is buying protection and calling it a trade. Both of them can see the men on the road.,Takes the coin. Walks at the rear. Watches the three men.,a_request_for_help,"Have them raise a trouble of their own — a beast, a feud, a missing kinsman — and hope the stranger might aid it."
0a1e0023-0000-4000-8000-0a1e00000023,d9196a81-aa97-4c5c-9cf6-42bbf02630d6,humans,aid_or_trade,low,,,,A single trader with a mule and a professional smile that does not quite reach the eyes.,"Salt, thread, a whetstone and a small pot of honey at slightly too high a price, with good road-news thrown in to justify the margin.",He is honest enough and he will still take whatever the market allows. The news is the real value and he knows it.,Pays a little over. Takes the news. Notes the mule is better shod than the man.,news_and_rumor,"Have them trade news of the road — war, bandits, strange sights — hungry for word from elsewhere."
0a1e0024-0000-4000-8000-0a1e00000024,c89386a2-b71f-4243-ab0d-e15d4094c152,humans,aid_or_trade,low,,,,Frank and hard-worn; she names what she has and what she needs in the same breath.,"Dried fish, a bed in the byre and the new line of the crossing since the storm shifted the sandbanks, for salt and word from the north.",She trades from a position of knowing more about this country than anyone he will meet today and she prices accordingly.,Gives the northern news. Takes the crossing. Does not haggle over the fish.,harvest_and_weather,"Have them talk plainly as working folk do: crops, beasts, the turning season, hard times or good."
0a1e0025-0000-4000-8000-0a1e00000025,ca926d68-6b4e-42eb-b537-1f3c96f5227d,humans,aid_or_trade,low,,gondorian,,"Mountain-folk of the White Mountains: courteous, slow to warm, and unwilling to let a stranger go up the pass unprepared.","Ewe-cheese, a coil of good rope and a stick cut to the right length for the scree, given for whatever he thinks fair — and a flat statement of which hour of the day the pass is safe.",They have carried bodies down off that pass. The rope is not a courtesy.,Takes the rope and the stick. Goes up at the hour they name.,a_request_for_help,"Have them raise a trouble of their own — a beast, a feud, a missing kinsman — and hope the stranger might aid it."
0a1e0026-0000-4000-8000-0a1e00000026,d35954a3-8475-4536-8061-8ba854037b09,humans,aid_or_trade,low,,dunadan_north,,"No ceremony at all. Gear is put out on a stone: take what is needed, leave what is not.","A cache opened — arrows, a spare cloak, hard bread, a phial of athelas — and the current state of the circuit given in six sentences.","Between those who keep the same watch there is no bargaining, only accounting. The cache will be restocked by whoever passes next.",Takes only what he will use. Says what he has left behind him for the next man.,oath_and_kin,"Have them speak of loyalty to king and folk, and the binding weight of a word once given."
0a1e0027-0000-4000-8000-0a1e00000027,0e26195f-6832-4fce-99a3-e62d39df1c7a,humans,aid_or_trade,low,,,,"Fellow travellers on the same road, willing to pool what they have because the night is coming either way.","A shared fire, a shared pot and watches split between them, plus everything they know about the next two days of road.",Nobody is in charge of this arrangement and it works precisely because nobody asks anything beyond the morning.,Puts his rations into the pot. Takes the second watch. Parts from them at the crossroads.,news_and_rumor,"Have them trade news of the road — war, bandits, strange sights — hungry for word from elsewhere."
0a1e0028-0000-4000-8000-0a1e00000028,72df59f3-75b5-4111-94ce-c77362c6b450,humans,aid_or_trade,low,,,,River-folk mending nets who talk while their hands keep working.,"Fresh fish, a place on the jetty out of the mud and a warning that the water has been running wrong for a week — up when it should be down.",The river is their whole living and something upstream has changed. They would like a traveller who is going that way to look.,Eats the fish. Agrees to look upstream. Does not promise to come back.,a_request_for_help,"Have them raise a trouble of their own — a beast, a feud, a missing kinsman — and hope the stranger might aid it."
0e1f0001-0000-4000-8000-0e1f00000001,,elves,aid_or_trade,low,,,,Courteous and unhurried. The offer is made as though it had been decided long before he arrived.,"Waybread, clean water and a night under a hythe of woven branches, with the road ahead described exactly: three fords, two of them safe, and the hour at which the last of them can be crossed.","Nothing is asked in return, which is itself a kind of weight. The gift assumes he will do something worth the giving.","Accepts without protesting. Asks one question, well chosen.",weighing_the_heart,"Have them probe courteously, measuring the traveller's purpose and heart before they give any trust."
0e1f0002-0000-4000-8000-0e1f00000002,,elves,aid_or_trade,mid,,,,"Kind, but the kindness has a limit set into it, and the limit is spoken plainly.","They will heal what can be healed tonight, feed him, and set him on a path that skirts the bad country; they will not go with him past the eaves of the wood.",They have judged that his road is his own and are unwilling to be drawn along it. The help is real; the boundary is not negotiable.,Takes the healing. Accepts the boundary without argument.,what_stirs_in_the_dark,"Have them ask quietly about the growing shadow, and rumour of orcs, wolves and fouler things abroad."
0e1f0003-0000-4000-8000-0e1f00000003,,elves,aid_or_trade,high,,,,"They look at him longer than is comfortable before anything is offered, and what is offered is aimed at something other than his hunger.","Food, and then a request that he sit while one of them sings over him — for the weariness they say is not only in his legs.","They can see what he is carrying and they are treating it, not discussing it. He may refuse, and refusing will cost him the night's rest.",Sits for it. Does not ask what they saw in him.,the_fading,"Have them speak of the slow fading of the Elves and the lands they must leave, with a sorrow worn smooth by long years."
0e1f0004-0000-4000-8000-0e1f00000004,,elves,aid_or_trade,low,aranath,,,"Greeted as one of the old alliance — a formality observed exactly, with real warmth somewhere under it.","Bread, cord, arrows fletched their way, and word of which of the two northern passes has been quiet this month and which has not.","They deal with the Dúnedain as inheritors of an old agreement. He is being helped as an heir, not as a man.",Gives the greeting in Sindarin. Takes the arrows. Reports what the north looks like from his side.,weighing_the_heart,"Have them probe courteously, measuring the traveller's purpose and heart before they give any trust."
0e1f0005-0000-4000-8000-0e1f00000005,,elves,aid_or_trade,mid,aranath,,,The courtesy is thinner than usual. Something has made them careful with the roads and with who is on them.,"They will provision him for four days and ask him to change his line of march: the valley he intended is being watched, and they would rather he did not walk into what they are watching it for.",They are asking him to alter his errand for reasons they will not explain. They expect him to accept it on trust alone.,Takes the provisions. Changes the line. Files the fact that they would not say why.,what_stirs_in_the_dark,"Have them ask quietly about the growing shadow, and rumour of orcs, wolves and fouler things abroad."
0e1f0006-0000-4000-8000-0e1f00000006,,elves,aid_or_trade,low,celebrian,,,"Recognition and immediate deference, and then the ordinary business of kin looking after kin.","A proper camp made for her without being asked, hot water, and news of who has passed west along this road in the last hundred years.",They assume she is going west eventually. Nobody says so. The assumption sits in the middle of the conversation.,Accepts the camp. Answers about the road. Does not confirm the assumption.,the_sea,"Have them turn the talk to the call of the Sea and the road West: who will take ship, and who will stay and dwindle."
0e1f0007-0000-4000-8000-0e1f00000007,,elves,aid_or_trade,mid,celebrian,,,"Gentle and slightly too careful with her, the way people are careful with something they have been told about.","They offer shelter, a horse if she wants one, and an escort as far as the river — and one of them asks whether she is travelling by choice.",The question is kindly meant and lands somewhere she does not want examined tonight.,Refuses the escort. Takes the horse. Does not answer the question.,weighing_the_heart,"Have them probe courteously, measuring the traveller's purpose and heart before they give any trust."
0e1f0008-0000-4000-8000-0e1f00000008,,elves,aid_or_trade,high,celebrian,,,"Grave, quiet hospitality, offered by people who have understood something without being told it.","A fire built low, food she does not want, and a place made ready in the middle of their camp rather than at its edge — deliberately, so that she is surrounded.",They have decided she should not be left alone tonight. They will not say that either.,Lies down where they made the place. Says nothing about why it was made there.,old_grief,"Have them bring up an age-old loss — a drowned realm, a kinsman long dead — as though it were last night."
0e1f0009-0000-4000-8000-0e1f00000009,39c6f905-e634-405e-80b0-d9ff9ce329e5,elves,aid_or_trade,low,,high_elven,,"Formal, practical and faintly amused at how badly Men travel — they begin repacking his gear before asking permission.","Waybread and a small flask of cordial, a strap replaced, a wound cleaned properly, and the safe line down to the Ford of Bruinen given landmark by landmark.",This is a household that has been doing this for two thousand years. The help is routine to them and remarkable to him.,Lets them repack it. Learns the landmarks by heart.,weighing_the_heart,"Have them probe courteously, measuring the traveller's purpose and heart before they give any trust."
0e1f0010-0000-4000-8000-0e1f00000010,39c6f905-e634-405e-80b0-d9ff9ce329e5,elves,aid_or_trade,mid,,high_elven,,Grave and busy. They are moving something along this road and the traveller has arrived in the middle of it.,"They will treat his hurts and give him three days of food, and ask that he take the low road for the next two days and mention to nobody what he saw on this one.",Their errand is larger than his and they are buying his silence with real kindness. It is not a threat and it is not free either.,Accepts the terms. Takes the low road. Keeps it to himself.,what_stirs_in_the_dark,"Have them ask quietly about the growing shadow, and rumour of orcs, wolves and fouler things abroad."
0e1f0011-0000-4000-8000-0e1f00000011,6588dabc-dd1a-4056-9006-f9b77ba0796f,elves,aid_or_trade,low,,silvan,,"Unseen until they choose otherwise; then grave, close-mouthed and exact about what is permitted.","Lembas-cake, a coil of grey rope and a flet to sleep on above the ground, on the condition that he does not walk the wood after dark and does not cut anything living.",The gift and the rule are one thing. They are lending him their forest for a night on very specific terms.,Sleeps where he is put. Cuts nothing. Leaves at the hour they name.,weighing_the_heart,"Have them probe courteously, measuring the traveller's purpose and heart before they give any trust."
0e1f0012-0000-4000-8000-0e1f00000012,9ed792aa-6975-4c93-b75b-55c94d05e492,elves,aid_or_trade,low,,silvan,,Cheerful on the surface and entirely unyielding underneath. Wine appears before questions do.,"A hot meal, a skin of strong wine and a guide as far as the forest gate, in exchange for word of the eastern road and how the river ran where he crossed it.",They are generous within their bounds and they have no intention of letting him wander their wood unescorted.,Drinks less than they pour. Gives the river honestly. Walks out where they lead him.,what_stirs_in_the_dark,"Have them ask quietly about the growing shadow, and rumour of orcs, wolves and fouler things abroad."
0e1f0013-0000-4000-8000-0e1f00000013,01151892-afea-4643-8468-93d9ccdd75d1,elves,aid_or_trade,low,,,,"A company on the march halts for him, which is more than they were obliged to do.","Food from their own store, a lantern of the sort that is not lit with fire, and the road west laid out with the two places on it where a fire should not be built.","They are going west and he is going the other way. Whatever they give him, they will not be here to see it used.",Takes the lantern. Asks what is at the two places. Gets a straight answer.,the_fading,"Have them speak of the slow fading of the Elves and the lands they must leave, with a sorrow worn smooth by long years."
0e1f0014-0000-4000-8000-0e1f00000014,583dedb1-f86c-4c23-8b0c-5b5adfae70ee,elves,aid_or_trade,mid,,sindar,,A guardian of a border who has decided to help him leave rather than help him stay.,"Water, dried fruit and a blunt instruction: the way he is going is closed, and here is the way that is not, and it costs him a day.","The kindness is a means of moving him off ground they are keeping. He gains a safe road and loses a day, and that is the whole bargain.",Takes the day's loss without arguing about it.,weighing_the_heart,"Have them probe courteously, measuring the traveller's purpose and heart before they give any trust."
0e1f0015-0000-4000-8000-0e1f00000015,767ba610-a31d-4cd7-9ff4-bdb224b679d8,elves,aid_or_trade,low,,high_elven,,"Grey-clad and preoccupied, courteous in the manner of people whose real attention is on the harbour behind them.","Ship's bread, salt fish and passage across the firth in a boat going that way regardless, and news of which havens still keep a light.",Everything here is arranged around departure. He is being helped on his way by people arranging their own.,Takes the crossing. Does not ask when the next ship sails.,the_sea,"Have them turn the talk to the call of the Sea and the road West: who will take ship, and who will stay and dwindle."
0e1f0016-0000-4000-8000-0e1f00000016,02dcbc70-8105-43f4-bfd1-03c085bc4539,elves,aid_or_trade,low,,silvan,,"A single ranger of the green wood, spare with words, generous with practical things.","Arrows, a mended boot-sole and the exact position of the one clean spring in a day's march of bad water.",He has been alone in the wood a long time and gives what is useful because that is the only currency he keeps.,Takes the arrows. Marks the spring. Asks nothing about his errand.,what_stirs_in_the_dark,"Have them ask quietly about the growing shadow, and rumour of orcs, wolves and fouler things abroad."
0e1f0017-0000-4000-8000-0e1f00000017,76b67120-b87d-4d92-9782-df3d709041a1,elves,aid_or_trade,low,,,,"An Elf of learning who would rather trade knowledge than goods, and says so at once.","Copies made of two road-maps, the true name of a ruin on his route and an hour of instruction on what the boundary-stones there mean — in exchange for a full account of what he has seen on the road.",He wants the traveller's eyes and is paying properly for them. It is the most honest transaction of the journey.,Gives a full and accurate account. Takes the maps. Learns the stones.,weighing_the_heart,"Have them probe courteously, measuring the traveller's purpose and heart before they give any trust."
0e1f0018-0000-4000-8000-0e1f00000018,707f6cd9-fdee-4006-96e2-89fcd7b4aa4d,elves,aid_or_trade,low,,,,"Pale, quiet and utterly at home in the cold; they appear beside him without any sound of arrival.","A hot drink he cannot identify, dry wrappings for his hands, and the safe line across the ice, which is not the line the ground suggests.","They are helping a traveller who would otherwise be dead by morning, and they are not sentimental about it.",Drinks it. Follows their line and not his own judgement.,the_fading,"Have them speak of the slow fading of the Elves and the lands they must leave, with a sorrow worn smooth by long years."
0e1f0019-0000-4000-8000-0e1f00000019,ab436ad7-7281-41e9-81c6-d9aa27cd6302,elves,aid_or_trade,low,,coastal,,"A fisher of the shore-folk, weathered and easy, who offers a place in the boat before any talk of payment.","Grilled fish, fresh water and a lift along the coast past the headland that cannot be walked around at this tide.",The sea sets the terms here and the Elf simply knows them. He is being carried because walking would kill him.,Takes the boat. Bails when told to. Leaves something at the shrine-stone on landing.,the_sea,"Have them turn the talk to the call of the Sea and the road West: who will take ship, and who will stay and dwindle."
0ca10001-0000-4000-8000-0ca100000001,,maiar,aid_or_trade,low,,,,"Ordinary to look at and entirely unsurprised to find him here, as though the meeting were on a list somewhere.","Food he did not know he needed, a name for the thing that has been troubling his road, and directions given by landmarks that turn out to be exactly right.",The help is freely given and the terms are not explained. Something is being served that has nothing to do with him.,Accepts it. Does not press for the reason.,a_strange_offer,"Have them offer aid on terms of their own — a gift, a path, a rescue — odd and not freely explained."
0ca10002-0000-4000-8000-0ca100000002,,maiar,aid_or_trade,mid,,,,"Kindly and abstracted, and the kindness lands like a decision that was made about him rather than for him.","A hot meal, a night's shelter that should not exist where it is standing, and one piece of counsel that will only make sense in three days.",He is being helped for reasons attached to something much larger than his journey. Refusing would be permitted and would cost him.,Eats. Sleeps. Remembers the counsel word for word.,riddle_and_counsel,"Have them speak words that carry more than they say — a warning, a riddle, or counsel from one far older than he seems."
0ca10003-0000-4000-8000-0ca100000003,,maiar,aid_or_trade,high,,,,"Attentive in a way that is not comfortable, and the offer is made only after a long, weighing look.","A rescue, more or less: a way out of the country he has walked into, given on the single condition that he turns back now and does not go on to look.",The condition is the whole of it. He can have the help or he can have the road. Not both.,Weighs the condition. Chooses. Is not argued with either way.,testing_the_traveller,"Have them put a strange, searching question that seems to weigh the traveller's worth or errand."
0ca10004-0000-4000-8000-0ca100000004,07681cb4-ec8d-4645-b1b2-0d5873b2f3a0,maiar,aid_or_trade,low,,,,"A shabby brown-clad old man surrounded by too many birds, who talks to the traveller and to a hedgehog with the same courtesy.","Herbs sorted into twists of leaf with instructions for each, a warm mash of something wholesome, and a message about the road ahead delivered second-hand from a crow.",He is entirely serious about the birds and the birds are entirely accurate. Taking him lightly is the only mistake available here.,Takes the herbs. Believes the crow. Says thank you to both of them.,care_of_living_things,"Have them turn the talk to beasts, trees and growing things, and the keeping of them."
0ca10005-0000-4000-8000-0ca100000005,07681cb4-ec8d-4645-b1b2-0d5873b2f3a0,maiar,aid_or_trade,mid,,,,"Distracted, fussing over a hurt animal, and only half his attention on the traveller until something in the answers catches it.",He will physic the traveller and the traveller's blisters and then ask for help carrying an injured beast two miles out of the way to a place where it can be left safely.,"The detour is real and inconvenient and it is also the whole test, though he does not think of it as one.",Carries the beast. Loses the two miles. Gets more than two miles of value back.,care_of_living_things,"Have them turn the talk to beasts, trees and growing things, and the keeping of them."
0ca10006-0000-4000-8000-0ca100000006,56a6d463-2121-4438-a8d8-f3dd60dd341a,maiar,aid_or_trade,low,,unique_oldforest,,"Absurdly cheerful, singing more than speaking, and entirely unbothered by anything the traveller might be afraid of.","Yellow cream, honeycomb, bread and butter, a bed of dry rushes and a rhyme to call by if the ground turns treacherous — none of it asked for, none of it refusable.","The gift is total and the terms are nonsense and the nonsense works. His country, his rules, and the rules are kind.",Eats far too much. Sleeps like the dead. Learns the rhyme.,a_strange_offer,"Have them offer aid on terms of their own — a gift, a path, a rescue — odd and not freely explained."
0ca10007-0000-4000-8000-0ca100000007,56a6d463-2121-4438-a8d8-f3dd60dd341a,maiar,aid_or_trade,mid,,unique_oldforest,,"Booming and hospitable, and once or twice startlingly serious for about four words at a time.","A night's lodging, all the food he can hold, his gear dried by morning, and directions out of the forest that only work if followed exactly and without cleverness.",He will give everything and explain nothing. What he says about the willow and the barrows is not a story and should not be treated as one.,Follows the directions exactly. Does not improve on them.,riddle_and_counsel,"Have them speak words that carry more than they say — a warning, a riddle, or counsel from one far older than he seems."
0ca10008-0000-4000-8000-0ca100000008,56a6d463-2121-4438-a8d8-f3dd60dd341a,maiar,aid_or_trade,low,celebrian,unique_oldforest,,"Greets her by a name in a tongue older than her father's house, and then offers her breakfast as though that were the greater matter.","Bread, honey and yellow cream, and a remark made in passing about the water under the Downs that is worth more than any map she has been given this year.",He is older than her grief and treats it as weather. It is the first time in a long while that nobody has been careful with her.,"Eats. Laughs, which surprises her. Notes the remark about the water.",a_strange_offer,"Have them offer aid on terms of their own — a gift, a path, a rescue — odd and not freely explained."
0ca10009-0000-4000-8000-0ca100000009,d76c89c5-cf8f-4db4-8405-5cc9459d95c3,maiar,aid_or_trade,mid,,,,"Nothing appears. The offer arrives as a road that has become easy, a wind at his back, a door standing conveniently open.","Everything he needs is suddenly available on the eastern line of march: water, shelter, dry wood, an unguarded track. Only the eastern line.","This is not generosity. It is a hand on the small of his back, and the destination is not his.",Notices how easy it has become. Breaks off eastward travel and pays for the harder road.,a_strange_offer,"Have them offer aid on terms of their own — a gift, a path, a rescue — odd and not freely explained."
0ca10010-0000-4000-8000-0ca100000010,d76c89c5-cf8f-4db4-8405-5cc9459d95c3,maiar,aid_or_trade,high,,,,"A courtesy without a body: the dread lifts, briefly, in exchange for nothing that can be named.","Rest is offered — real rest, the first in weeks — if he will sleep in a particular place, on ground that some old instinct says has been chosen for him.","The bargain is being made with the part of him that is tired, not the part that decides. That is the whole method.",Refuses the ground. Sleeps badly somewhere worse and wakes up himself.,the_long_defeat,"Have them turn the talk to the great shape of things: the slow war against the Shadow, and each one's small part in it."
0ba10001-0000-4000-8000-0ba100000001,,hobbits,brief_exchange,low,,,,"Startled, then polite, then talkative once it is clear nothing is going to be demanded of them.","Where the next farm is, whose dog to avoid, how bad the rain was last week and how good the plums will be if it holds off — delivered in one breath.","There is nothing at stake for them beyond politeness, and politeness is taken very seriously.",Answers the plum question properly. Is remembered kindly for it.,local_gossip,"Have them share who said what to whom, and the small scandals and rumours of the country round."
0ba10002-0000-4000-8000-0ba100000002,,hobbits,brief_exchange,mid,,,,Polite and plainly wishing the conversation elsewhere; one keeps a hand on the gate the whole time.,"They will confirm the road and mention, reluctantly, that strangers came through nine days ago and did not behave like traders.",They do not want to be involved in whatever this is. Saying it out loud is already more than they meant to do.,Takes the road. Does not ask them to describe the strangers twice.,wary_of_big_folk,"Have them show polite unease at strangers and the wide world, wishing adventures would happen elsewhere."
0ba10003-0000-4000-8000-0ba100000003,,hobbits,brief_exchange,high,,,,"Frightened and stubbornly courteous anyway, which is a thing hobbits can do that almost nobody else manages.","They have moved the children to the far farm and they are not saying why; they ask only whether the road east is passable, and press a wrapped seed-cake on him.",They are more afraid than they will admit and the cake is what they have instead of words.,"Takes the cake. Answers about the road honestly, gently.",simple_kindness,"Have them offer food, a tale or directions, with homely, unsuspecting goodwill."
0ba10004-0000-4000-8000-0ba100000004,0d34e355-d6d1-4932-9635-66b059063787,hobbits,brief_exchange,low,,hobbit,,"Brown, small and immediately at ease once the traveller sits down, which lowers him to a reasonable size.","Talk of the burrow, the state of the bank it is dug into, whose mushrooms are whose, and a warning about the ditch further on that has swallowed a pony.",Nothing here is dangerous and nothing here is trivial to them. The ditch is the most important news in the district.,Sits down. Listens about the ditch. Avoids the ditch.,home_and_family,"Have them chatter about their hole, their garden, their kin and the doings of the next farm over."
0ba10005-0000-4000-8000-0ba100000005,21c55236-fcec-4c44-9150-2fbb6052d0fa,hobbits,brief_exchange,low,,hobbit,,Bolder than the rest of their kind and openly delighted to have found somebody new to interrogate.,"Questions about where he has been, in order, with follow-ups — and in exchange the whole gossip of the district and an offer to walk part of the way for the novelty of it.",Their curiosity outruns their caution. Somebody in that family is going to leave home eventually.,Answers the easy questions. Deflects one. Lets them walk a mile.,local_gossip,"Have them share who said what to whom, and the small scandals and rumours of the country round."
0ba10006-0000-4000-8000-0ba100000006,07336b31-a038-47a0-a10f-52a9aff46865,hobbits,brief_exchange,low,,hobbit,,"Broad, slow-spoken river-folk who go on with their work while they talk and do not look up much.","Which channel takes a boat and which takes a leg, where the eels are running, and the fact that the reeds have been cut on the far bank by somebody who does not live there.",They notice everything on this water and mention about a third of it.,Asks about the cut reeds. Gets a longer answer than expected.,local_gossip,"Have them share who said what to whom, and the small scandals and rumours of the country round."
0ba10007-0000-4000-8000-0ba100000007,2c4156c5-245b-463d-b5c9-00bafd742c28,hobbits,brief_exchange,mid,,,,Barely willing to be seen — the talk happens across ten feet of bracken and could end at any moment.,"Two sentences about where the water is good and one about a place further on where the birds have gone quiet, and then they are finished with him.",They live out here precisely to avoid conversations like this one. Every word is a concession.,Keeps his distance. Thanks them once. Lets them go.,wary_of_big_folk,"Have them show polite unease at strangers and the wide world, wishing adventures would happen elsewhere."
0ba10008-0000-4000-8000-0ba100000008,89ac7fb7-56ea-40fb-96ee-80b03e5ff5f0,hobbits,brief_exchange,low,,,,On the road with a pack far too big for him and pathetically glad of company at the fire.,"Where he is from, where he thinks he is going, and a request for an honest opinion on whether the eastern road is as bad as people say.","He has no idea how far he actually is from home. Telling him the truth might turn him around, which would be the kindest outcome.",Tells him the truth about the road. Shares food. Does not laugh at the pack.,food_and_comfort,"Have them talk of the next meal, good ale, a warm fire and a soft bed — the real business of life."
0d1a0001-0000-4000-8000-0d1a00000001,,dwarves,brief_exchange,low,,,,"Stops, looks him over from boots to hood, and gives a greeting that is closer to a receipt than a welcome.","Where the road is bad, where the water is good, and a flat refusal to say where he himself is going or what is under the oilcloth on the pony.",Everything he offers is accurate and nothing he withholds will be prised out. That is the whole shape of the exchange.,Trades road for road. Does not look at the oilcloth twice.,guarded_suspicion,"Have him put short, suspicious questions, saying little of his own roads and liking prying even less."
0d1a0002-0000-4000-8000-0d1a00000002,,dwarves,brief_exchange,mid,,,,"Short with him, and it is not personal — something on this road has already annoyed him and the traveller is merely next.","A complaint about a toll being taken at a crossing where no toll was taken last year, with the exact sum, the exact place and the exact name of the man taking it.",He wants a witness more than he wants sympathy. The grievance will be repeated in front of the right people eventually.,Notes the name and the crossing. Agrees the toll is theft. Moves on.,old_grudge,"Have him bring up a grievance nursed for generations — a slight, a debt, an enemy not yet repaid."
0d1a0003-0000-4000-8000-0d1a00000003,,dwarves,brief_exchange,high,,,,"Grim and abrupt, with the shoulders of someone who has been walking fast for days and would rather not explain why.","He says one useful thing and one dark one: the eastern gallery road is closed, and whatever closed it did not do it with tools.",He has decided to give the warning and not the story. The story is his folk's business and not the traveller's.,Takes the warning. Does not ask him to elaborate.,lost_halls,"Have him speak of a mansion or mine lost to dragon or goblin, and the wealth and kin buried with it."
0d1a0004-0000-4000-8000-0d1a00000004,,dwarves,aid_or_trade,low,,,,"Names what he has, names what he wants for it, and stands there until an answer comes.","Iron rations, a decent whetstone, a strap-buckle and a mended boot-nail, priced fairly and not one copper below it.","He will not haggle and he will not cheat, and he considers the second a matter of honour and the first a waste of daylight.",Pays the named price. Gets full value. Learns not to bargain with him.,craft_and_gold,"Have him talk of fine work, rich seams and fair trade — gold, gems and the worth of things — and speak of them bluntly."
0d1a0005-0000-4000-8000-0d1a00000005,,dwarves,aid_or_trade,mid,,,,Deals warily and keeps the pack between them while he does it.,"He will trade food and a place at his fire for the traveller standing the first watch, because he has not slept properly since the pass and will not say what is behind him.",He needs someone else's eyes for four hours and he hates needing it. The trade is an admission he will not make in words.,Takes the watch. Wakes him only if it matters. Does not mention the pass.,guarded_suspicion,"Have him put short, suspicious questions, saying little of his own roads and liking prying even less."
0d1a0006-0000-4000-8000-0d1a00000006,,dwarves,aid_or_trade,low,celebrian,,,"Blunt to the point of rudeness and entirely without deference, which is the closest thing to respect he offers anyone.","He will give her food and the road-notes she needs, and wants in exchange the correct old name of a landmark on his map, which nobody alive has been able to give him.","He is not awed by her age; he is interested in it, which is rarer and easier to bear.",Gives him the old name. Takes the road-notes. Appreciates being asked as a source rather than a wonder.,lost_halls,"Have him speak of a mansion or mine lost to dragon or goblin, and the wealth and kin buried with it."
0d1a0007-0000-4000-8000-0d1a00000007,38c0bfe5-7bde-42ad-8587-f460a2a206e3,dwarves,brief_exchange,low,,dwarven,,"Well-armed, well-provisioned and openly proud of both; the greeting is loud and the questions are practical.","News of the eastern road, the price of iron three markets away, and an unprompted opinion on the folk of the Long Lake that lasts some time.",They have nothing to fear on this road today and it shows in how much they are willing to say.,Lets him talk. Keeps the price of iron. Does not comment on the Lake-men.,craft_and_gold,"Have him talk of fine work, rich seams and fair trade — gold, gems and the worth of things — and speak of them bluntly."
0d1a0008-0000-4000-8000-0d1a00000008,41589eb0-7981-4841-9648-a1aef5f9d2bc,dwarves,brief_exchange,mid,,dwarven,,"Closed as a shut door on the subject of where he is from, and grimly talkative about everything else.","He wants to know whether anyone has been up the Dimrill Stair this season, and who, and whether they came back down it.",He is asking about a doorway his folk lost long ago and will not say why he is counting the people who go near it.,Answers what he saw. Does not ask what he is planning.,lost_halls,"Have him speak of a mansion or mine lost to dragon or goblin, and the wealth and kin buried with it."
0d1a0009-0000-4000-8000-0d1a00000009,607a9513-3045-4eb0-8f65-a0a9cb1780a5,dwarves,aid_or_trade,low,,dwarven,,"Business-like, unhurried, and visibly pleased to have found a customer this far from a market.","Salt, nails, a good knife and a length of chain, sold at market price plus carriage, with the state of the Great Road thrown in at no charge.","This is a trading party and he is a small piece of a long ledger. The fairness is professional, not sentimental.",Buys the knife. Takes the road-news. Pays the carriage without complaint.,craft_and_gold,"Have him talk of fine work, rich seams and fair trade — gold, gems and the worth of things — and speak of them bluntly."
0d1a0010-0000-4000-8000-0d1a00000010,0be376e4-b51b-4a37-a4ac-965de7ec70c0,dwarves,aid_or_trade,low,,dwarven,,"A merchant who has the goods unpacked before agreement is reached, because he knows what a tired man looks at first.","Boot-nails, a spare buckle, hard biscuit, and a small mirror he is oddly determined to sell; and news of every market between here and the mountains.",He is going to make a profit and be entirely honest about how much. The mirror is a matter of professional pride by now.,Buys the biscuit and the nails. Refuses the mirror twice. Buys the mirror.,craft_and_gold,"Have him talk of fine work, rich seams and fair trade — gold, gems and the worth of things — and speak of them bluntly."
0d1a0011-0000-4000-8000-0d1a00000011,e78ed9a7-29cf-4e99-b958-6b98ce841e99,dwarves,brief_exchange,low,,dwarven,,Suspicious on sight — a man alone near his diggings is a claim-jumper until proved otherwise.,"Short questions about which way the traveller came and whether he stopped anywhere near the stream-head, and a grudging note on where the ground is safe to walk.",He is standing on a find he has not registered with anyone and he is not subtle about guarding it.,Answers plainly. Shows no interest in the stream-head. Walks where he is told to walk.,guarded_suspicion,"Have him put short, suspicious questions, saying little of his own roads and liking prying even less."
0d1a0012-0000-4000-8000-0d1a00000012,c3ffc3f1-f290-482b-a474-53fa5b259a72,dwarves,brief_exchange,mid,,dwarven,,A patrol that halts him with a raised axe-handle and then talks to him quite civilly from behind it.,"They want his name, his road and whether he has seen anyone moving on the high tracks; in return they will say which of the two gates is open this month.",They are keeping a border and he is a data point. The civility is real and so is the axe-handle.,Gives name and road. Names what he saw on the high tracks. Uses the open gate.,oath_and_kin,"Have him speak of loyalty to king and folk, and the binding weight of a word once given."
0d1a0013-0000-4000-8000-0d1a00000013,f56448fd-8bf0-4c25-af4a-b0aea9b92337,dwarves,brief_exchange,low,,,,"Half-wild and hard to place, speaking a rough Westron and watching the traveller's hands rather than his face.","He trades furs and worked bone, wants iron above everything, and mentions that the northern ice has been giving up things this year that were better left under it.",He is used to being taken for something less than he is and has stopped minding. The remark about the ice is not a joke.,Trades iron for the furs. Takes the remark seriously.,guarded_suspicion,"Have him put short, suspicious questions, saying little of his own roads and liking prying even less."
0d1a0014-0000-4000-8000-0d1a00000014,beb14c2f-1adc-40da-91bf-177af1083f1d,dwarves,aid_or_trade,low,,dwarven,,"Filthy, cheerful and glad of any face that has not been underground for a month.","A hot meal at the mine-mouth, water, and a lantern refilled, in exchange for news from outside and a hand at the windlass for an hour.","They are lonely, well-fed and slightly bored, and company is worth more to them than the lamp-oil.",Turns the windlass. Eats their food. Gives them every scrap of news he has.,craft_and_gold,"Have him talk of fine work, rich seams and fair trade — gold, gems and the worth of things — and speak of them bluntly."
0c3f0001-0000-4000-8000-0c3f00000001,,humans,confronts,low,,,,Standing across the road with the easy confidence of men who have done this before and not been punished for it.,"They want a toll for a bridge they did not build, and they are prepared to call it a toll for as long as he is prepared to call it one.",Nobody has drawn yet. What happens next depends on whether he looks like more trouble than a few coins are worth.,"Pays the coin or refuses it, and either way keeps his hands where they can be seen.",suspicion_of_strangers,"Have them probe in a guarded, even hostile way, mistrusting an unknown face in hard times."
0c3f0002-0000-4000-8000-0c3f00000002,,humans,confronts,mid,,,,Four of them spread across the way in a formation that closes as soon as he stops walking.,"They want the pack opened and the contents named, and they have already decided which items they will be keeping.",The positions were taken before he arrived. Talking is still possible; walking away is not.,Names the contents. Gives up what is replaceable. Does not turn his back.,suspicion_of_strangers,"Have them probe in a guarded, even hostile way, mistrusting an unknown face in hard times."
0c3f0003-0000-4000-8000-0c3f00000003,,humans,confronts,high,,,,"No demand at first — only silence and a slow closing of the distance, which is worse.","They are not after goods. They want to know who he is and who sent him, and one of them keeps checking his face against something he has been told.",This is not robbery. Someone is looking for someone and he resembles the description closely enough.,Answers the first question and not the second. Chooses the ground he will stand on.,where_are_you_bound,"Have them ask frankly but carefully who the traveller is, and where they are going, and why."
0c3f0004-0000-4000-8000-0c3f00000004,d50e3b55-0211-473d-948f-4fc2c725f9f1,humans,confronts,mid,,,,"Ragged, hungry and dangerous in the specific way of men with nothing left to lose and no discipline to lose it with.","They want the pack, the boots and the water, in that order, and they are arguing among themselves about the boots while they say it.",They are badly organised and there are five of them. The disorganisation is the opening and it will not last.,Marks the one who is actually leading. Speaks only to him.,suspicion_of_strangers,"Have them probe in a guarded, even hostile way, mistrusting an unknown face in hard times."
0c3f0005-0000-4000-8000-0c3f00000005,f24f70b7-587e-4eba-9521-f33176c64f19,humans,confronts,mid,,,,"Better armed than bandits should be, and two of them still wearing pieces of a uniform they have not bothered to remove.","They demand a toll and give a garrison's name while doing it, and are visibly uncertain whether the traveller will know that the garrison disbanded two years ago.",They are deserters trading on an authority they no longer have. Naming that out loud would end the pretence and start something else.,Lets the pretence stand. Pays the false toll. Remembers the uniforms.,suspicion_of_strangers,"Have them probe in a guarded, even hostile way, mistrusting an unknown face in hard times."
0c3f0006-0000-4000-8000-0c3f00000006,e6cf8151-140f-436a-86e5-892cdb7fbd8c,humans,confronts,low,,,,Two in front talking pleasantly while a third moves round to where he cannot comfortably watch.,"A friendly conversation about the road, whose only purpose is to keep his eyes forward for the count of twenty.",The talk is the weapon here. Answering it politely for too long is how travellers lose their packs.,Steps sideways so all three are in front of him. Keeps talking pleasantly.,suspicion_of_strangers,"Have them probe in a guarded, even hostile way, mistrusting an unknown face in hard times."
0c3f0007-0000-4000-8000-0c3f00000007,193fc0a9-85c6-49bf-af26-4bfbbf67b942,humans,confronts,mid,,,,Not hostile so much as inconvenienced: he has walked into the middle of something and now they must decide what to do about him.,"They want to know what he saw at the landing, and they are willing to buy an answer of none at all, in coin, on the spot.","Nobody wants a fight here. They want a witness who is either paid or gone, and they are offering him the choice.",Takes the coin or refuses it plainly. Does not pretend not to understand the offer.,suspicion_of_strangers,"Have them probe in a guarded, even hostile way, mistrusting an unknown face in hard times."
0c3f0008-0000-4000-8000-0c3f00000008,503fe564-a868-45ef-b0bf-fd0bbcd066f0,humans,confronts,mid,,,,"Perfectly polite, unarmed to look at, asking questions in an order that is far too well constructed to be casual.","He wants the traveller's name, his last three stopping-places and the name of anyone who vouched for him, and he already knows two of the answers.",This is an interrogation dressed as a courtesy. Every answer is being checked against something written down elsewhere.,Gives true answers that reveal nothing. Notices which questions he does not ask.,where_are_you_bound,"Have them ask frankly but carefully who the traveller is, and where they are going, and why."
0c3f0009-0000-4000-8000-0c3f00000009,003f58d5-cd79-4a70-82a4-5b86b1581610,humans,confronts,mid,,dunlending,,"Spears grounded but held, and the speaker stands close enough that the conversation cannot be a long one.","This ground is claimed, the claim is older than any map he is carrying, and they want to hear him say that he is only passing through.","They are not looking for plunder. They are looking for an acknowledgment, and they will take it in words if he offers them.",Says the words. Means them. Walks the line they point out.,suspicion_of_strangers,"Have them probe in a guarded, even hostile way, mistrusting an unknown face in hard times."
0c3f0010-0000-4000-8000-0c3f00000010,b1c804af-e57a-4bb1-904f-3247e5506027,humans,confronts,high,,enemy,,"Chariot-folk of the eastern plains, unhurried, treating the encounter as a matter of administration rather than violence.","They want tribute — a weapon, a beast, or a day of labour — and they have a formula for it that has been used on this road for generations.",Refusal is permitted and has a known price. They will not be insulted by it; they will simply apply the price.,Chooses which tribute to pay. Does not attempt to negotiate the formula.,suspicion_of_strangers,"Have them probe in a guarded, even hostile way, mistrusting an unknown face in hard times."
0c3f0011-0000-4000-8000-0c3f00000011,9d10d07f-a90b-4693-9013-9c1dde5e199e,humans,confronts,high,,enemy,,"Horsemen who circle once before anyone speaks, and the speaking is done from the saddle at a distance.","They demand to know whose service he is in, and the question has only two answers they accept, and neither of them is none.",They cannot place him and they dislike what cannot be placed. The wrong answer here costs more than the pack.,Answers in a way that gives them a category to file him under. Keeps walking west.,suspicion_of_strangers,"Have them probe in a guarded, even hostile way, mistrusting an unknown face in hard times."
0c3f0012-0000-4000-8000-0c3f00000012,03d5c707-30d6-4ba6-87f5-df56cf6f8cfb,humans,confronts,high,,enemy,,"Disciplined and unhurried, in the manner of men who are part of something much larger and know it.","An officer asks for his road and his purpose through a translator, and writes the answers down, which is worse than if he had shouted them.","He is being recorded, not robbed. Whatever he says here will be somewhere in a file by the next full moon.",Gives a plain and unremarkable account of himself. Does not embellish it.,where_are_you_bound,"Have them ask frankly but carefully who the traveller is, and where they are going, and why."
0c3f0013-0000-4000-8000-0c3f00000013,370b7ab2-1439-402f-9d23-7d0a0b90ea6f,humans,confronts,high,,enemy,,"Tall, courteous and entirely cold; the courtesy is the frightening part, since it costs them nothing to maintain it.","He is asked, in excellent Westron, what his lineage is — and it is clear from the phrasing that the answer matters more to them than his errand.",They are the inheritors of a specific old treason and they can hear the North in his speech. The politeness will last exactly as long as it is useful.,Answers about his lineage as little as courtesy allows. Gives nothing they can use.,suspicion_of_strangers,"Have them probe in a guarded, even hostile way, mistrusting an unknown face in hard times."
0c3f0014-0000-4000-8000-0c3f00000014,61f9e281-cc1e-4138-b638-114e1304b1cf,humans,confronts,high,,enemy,,"A checkpoint where no checkpoint should be, manned by men who serve something they do not name aloud.","They demand papers that were never issued in this country, then a name, then an account of the last four days — and they are hoping he lies about one of them.",The demands are designed to produce a false answer they can act on. There are six of them and one road.,Tells the plainest possible truth about the four days. Gives them nothing to catch.,where_are_you_bound,"Have them ask frankly but carefully who the traveller is, and where they are going, and why."
0c3f0015-0000-4000-8000-0c3f00000015,a2dd5045-97d5-4ee9-b6b5-db32b00378ea,humans,confronts,mid,,coastal,,"Come up from a beached boat, loud and quick, and dealing in threats because threats have always been cheaper than work.","They want whatever is in the pack and any coin on him, and they want it before whoever else is on this shore arrives.","They are in a hurry, which makes them dangerous and also makes them stupid. The hurry is the lever.",Gives them the coin. Keeps the pack. Lets the hurry do the arguing.,suspicion_of_strangers,"Have them probe in a guarded, even hostile way, mistrusting an unknown face in hard times."
0c3f0016-0000-4000-8000-0c3f00000016,a15e6460-6717-4ced-b4f5-602aa7c5ea19,humans,confronts,mid,,,,"Desperate rather than wicked, blocking the path with a stick and a shaking voice and no plan at all beyond stopping him.","They want food and they are asking for it in the worst possible way, because asking properly has not worked twice already this week.",There is no real threat in it and there is real danger anyway: cornered people do things they did not intend.,Puts food on the ground and steps back. Does not draw.,a_request_for_help,"Have them raise a trouble of their own — a beast, a feud, a missing kinsman — and hope the stranger might aid it."
0fc10001-0000-4000-8000-0fc100000001,,orcs,confronts,mid,,,,"They come out onto the road in a spread line and start with noise, because noise has worked for them before.","Demands to know what he carries, mixed with jeering about what they will do with him afterwards, and no interest at all in the answers.",There is no negotiation available here. The talk is only the space before the rush.,Says nothing. Picks the ground. Watches the flanks rather than the loud one.,threat_and_jeer,"Give them no real talk — only snarled threats, jeering, and the promise of a cruel end."
0fc10002-0000-4000-8000-0fc100000002,,orcs,confronts,high,,,,They hold the way with the confidence of a company that has been given orders about this road.,"The one in charge wants him alive and says so, and the others are audibly unhappy about that instruction.","The order to take him alive is the only thing keeping this a conversation, and their discipline is thin.",Uses the argument between them. Does not answer any question directly.,quarrel_among_themselves,"Have them bicker and turn on one another over loot, orders or who eats first, overheard by the traveller."
0fc10003-0000-4000-8000-0fc100000003,267142a7-6b80-4b64-ae25-1e9531c778b1,orcs,confronts,mid,,,,"A rabble that stops short when it realises he has not run, and covers the hesitation with shouting.","Threats, a demand for his gear, and an argument breaking out at the back over who will take his boots.",They are more numerous than brave and they know exactly how the count stands. The shouting is to keep their own nerve up.,Stands still. Lets the argument at the back get louder. Chooses a moment.,threat_and_jeer,"Give them no real talk — only snarled threats, jeering, and the promise of a cruel end."
0fc10004-0000-4000-8000-0fc100000004,180e506d-071e-46a2-8a3f-7b655d80c966,orcs,confronts,high,,,,"Mounted on wargs, circling wide, and the beasts are less patient than the riders.",No demands worth the name — only the shape of a hunt being arranged around him while one of them talks to keep his attention forward.,"Every second spent listening is a second they use to close the circle. The wargs will decide the timing, not the riders.",Stops listening. Gets his back to something solid.,threat_and_jeer,"Give them no real talk — only snarled threats, jeering, and the promise of a cruel end."
0fc10005-0000-4000-8000-0fc100000005,eec8aa66-8041-4537-9387-a4f6aa02230d,orcs,confronts,mid,,,,"Two of them only, and they are as unhappy to be seen as he is to see them.","A snarled demand that he turn back the way he came, which is the first thing they have said that they actually mean.",They are scouts and a fight will bring attention neither side wants. There is an ugly little deal available here.,Considers turning back. Decides what the road ahead is worth.,threat_and_jeer,"Give them no real talk — only snarled threats, jeering, and the promise of a cruel end."
0fc10006-0000-4000-8000-0fc100000006,6495f2bc-bca4-45a0-b299-7dd9a5055526,orcs,confronts,high,,,,"One of them steps forward and speaks in a Westron far too correct, and the others go quiet for it.","He asks the traveller three questions that are not about the road at all — about a name, a date and a place — and he is patient about waiting for answers.","This is not a patrol. Something is being confirmed, and the questions themselves say more than any answer would.",Refuses all three. Notes exactly what was asked.,interrogation,"Have them fling harsh demands at a captive — who are you, who sent you, what do you carry — backed by the lash."
0fc10007-0000-4000-8000-0fc100000007,9477fc2f-324f-4f02-9900-1f1cfca23477,orcs,confronts,high,,,,"A column halted on the road, and the challenge comes as a matter of procedure from men and orcs who have somewhere else to be.","An officer demands the road be cleared and the traveller kneel while the column passes, and gives him about four seconds to decide.",He is an obstruction on a military road. Dignity is expensive here and the price is fixed.,"Kneels or does not, and lives with the choice while the column goes by.",threat_and_jeer,"Give them no real talk — only snarled threats, jeering, and the promise of a cruel end."
0fc10008-0000-4000-8000-0fc100000008,b64c6dea-1ac4-44ea-ad56-af303a424eff,orcs,confronts,mid,,,,Man-shaped enough to pass in poor light and openly enjoying the moment when the traveller works out that they are not men.,"A toll demanded in the manner of ordinary brigands, with the language slipping into something else halfway through.",They trade on being mistaken for men and they resent it at the same time. The resentment is the dangerous part.,Does not comment on what they are. Deals with them exactly as he would with brigands.,threat_and_jeer,"Give them no real talk — only snarled threats, jeering, and the promise of a cruel end."
0fc10009-0000-4000-8000-0fc100000009,3a6bae34-7ee5-4654-8f73-4eda362ac011,orcs,confronts,mid,,,,"A laden column halts, and the challenge is bad-tempered rather than eager: they are carrying cargo and do not want the delay.","Snarled orders to get off the road and stay off it until the last cart has passed, with threats attached but no real appetite behind them.","They want him gone, not dead. Whatever is on those carts matters more to them than he does.",Gets off the road. Counts the carts. Sees what is on them.,threat_and_jeer,"Give them no real talk — only snarled threats, jeering, and the promise of a cruel end."
0fc10010-0000-4000-8000-0fc100000010,c89ff2d0-b1cb-4ea0-bab6-9306ac788564,orcs,confronts,high,,,,"Disciplined, silent and in armour that fits, which is the worst sign of all. Nobody jeers.","One question, asked once, about what he is doing on this road — and then they wait, and the waiting is not a bluff.",These are not raiders. There is no confusion to exploit and no argument among them to use.,Answers or does not. Understands that this time the choice is the whole of it.,interrogation,"Have them fling harsh demands at a captive — who are you, who sent you, what do you carry — backed by the lash."
0e2f0001-0000-4000-8000-0e2f00000001,4e91aa11-52ab-4689-9d9d-5dfcb02f2310,elves,brief_exchange,low,,,,"Greets him first, which is unusual, and the greeting is exactly as long as it needs to be.","A remark about the season that turns out to be a warning about the river, and a question about where he slept last night that is not idle.","They are deciding, in the space of four sentences, whether he is the sort of traveller this country needs fewer of.",Answers about where he slept. Hears the warning inside the remark.,weighing_the_heart,"Have them probe courteously, measuring the traveller's purpose and heart before they give any trust."
0e2f0002-0000-4000-8000-0e2f00000002,a85ddc65-e8d5-460e-99ea-8b2e6a0f70ec,elves,brief_exchange,low,,silvan,,"Appears at the edge of the path without any of the usual noise of arrival, and does not come closer.","A short, unfriendly enquiry about his business under these trees, followed by one piece of information he badly needs about the trail ahead.",They do not like strangers in the wood and they dislike deaths in it more. The help is given grudgingly and given.,States his business briefly. Does not step off the path.,weighing_the_heart,"Have them probe courteously, measuring the traveller's purpose and heart before they give any trust."
0e2f0003-0000-4000-8000-0e2f00000003,57650ea6-8999-4bf1-acc9-b32b4e23230d,elves,brief_exchange,mid,,sindar,,"Courteous in an older, heavier fashion, and something in the phrasing belongs to a country that no longer exists.","He speaks of the land as it was before the coast changed, then corrects himself to the present, and the correction is the saddest part of the exchange.",He has been in these lands since before the first Men walked them and is not entirely living in this century.,Lets the older name stand without correcting it. Listens.,old_grief,"Have them bring up an age-old loss — a drowned realm, a kinsman long dead — as though it were last night."
0e2f0004-0000-4000-8000-0e2f00000004,aa6753b4-ba46-47b2-88cc-3e0d23036707,elves,brief_exchange,low,,high_elven,,"Formal, precise and faintly distant, as though the conversation were being conducted from further away than it appears.","A question about what Men are saying in the west this year, asked with genuine interest and a slight air of collecting specimens.",The interest is real and the distance is real. Both are permanent features.,Answers accurately. Resists the urge to perform.,the_fading,"Have them speak of the slow fading of the Elves and the lands they must leave, with a sorrow worn smooth by long years."
0e2f0005-0000-4000-8000-0e2f00000005,0cfdd809-57a5-4426-9a95-d7de089d4e51,elves,brief_exchange,low,,coastal,,"Sea-grey and easy-mannered, with the particular calm of people who measure time in tides rather than years.","Talk of the weather turning, of a wreck on the sand two winters back, and of a light kept on a headland further along the shore that is worth walking to.",Nothing is urgent to them. The information is still exactly what he needs.,Asks about the light. Walks to it.,the_sea,"Have them turn the talk to the call of the Sea and the road West: who will take ship, and who will stay and dwindle."
0e2f0006-0000-4000-8000-0e2f00000006,707f6cd9-fdee-4006-96e2-89fcd7b4aa4d,elves,brief_exchange,mid,,,,"Speaks from ten paces away, in a Westron worn thin from lack of use, and does not close the distance at all.",A warning that the ice on the inlet is a week from breaking and a question about whether he has seen fires in the north.,They speak to almost nobody and this exchange costs them something. It is being spent on purpose.,Answers about the fires. Takes the ice seriously.,what_stirs_in_the_dark,"Have them ask quietly about the growing shadow, and rumour of orcs, wolves and fouler things abroad."
0e2f0007-0000-4000-8000-0e2f00000007,f88be998-fd2d-4737-bc83-3356ed5e3447,elves,brief_exchange,low,,,,"Easier to talk to than most of their kin, and quicker to ask the sort of question a mortal would ask.","Ordinary road-talk conducted with unusual attention, and one question about how long he means to keep walking roads like this one.","The question is asked by someone who has had to make a choice about mortality, or will have to, and it lands harder than intended.",Answers honestly. Does not ask them the same thing back.,weighing_the_heart,"Have them probe courteously, measuring the traveller's purpose and heart before they give any trust."
0e2f0008-0000-4000-8000-0e2f00000008,4f5629b1-3cc8-4e37-8938-4809b169a316,elves,brief_exchange,high,,,,"Charming in a way that does not fit the place or the hour, and the charm does not reach the eyes at all.","He offers an easy road, a shorter way and pleasant company for it, and every detail he gives about the country is subtly wrong.",Something in this one broke a long time ago. The errors are not ignorance and the courtesy is bait.,Declines pleasantly. Does not take the shorter way. Does not turn his back on the parting.,weighing_the_heart,"Have them probe courteously, measuring the traveller's purpose and heart before they give any trust."
0e2f0009-0000-4000-8000-0e2f00000009,684a6158-7350-4576-99ec-780c9bc18546,elves,brief_exchange,mid,,,,"Two of them, already knowing his name from somewhere, and unwilling to say from where.","They tell him what is on the road two days ahead and ask him to describe, exactly, what he passed at the ruin behind him.",They are running a border and he has walked through part of it. The trade of information is not optional so much as obvious.,Describes the ruin precisely. Accepts that they will not say how they knew his name.,what_stirs_in_the_dark,"Have them ask quietly about the growing shadow, and rumour of orcs, wolves and fouler things abroad."
0e2f0010-0000-4000-8000-0e2f00000010,a288de43-4070-432e-abe8-539f969b0ee4,elves,brief_exchange,mid,,high_elven,,"A patrol on old business, armoured, correct, and in no mood for a long conversation with anyone.","A brisk warning that the northern shore of the lake is not to be walked this month, delivered as an order and not a suggestion.",They are the last remnant of something and they hold their small piece of country absolutely. He is not being asked.,Takes the southern shore. Does not test the order.,oath_and_kin,"Have him speak of loyalty to king and folk, and the binding weight of a word once given."
0e2f0011-0000-4000-8000-0e2f00000011,28db3cbe-1eb3-43fb-b8ac-f91478ebf69a,elves,brief_exchange,low,,,,"Walking west alone and glad enough of a word on the road, in the manner of someone who has already left everything else behind.","Where the road runs from here to the sea, which houses on it are still keeping their doors, and how few of them there are now compared with the last time this journey was made.",He is going to the harbour and will not be coming back. Nothing about the conversation is heavy and everything in it is final.,Walks with him a while. Does not ask why now.,the_sea,"Have them turn the talk to the call of the Sea and the road West: who will take ship, and who will stay and dwindle."
0e2f0012-0000-4000-8000-0e2f00000012,9b337ad0-5ef8-42ad-b08b-eeab60bce82f,elves,brief_exchange,low,,high_elven,,Immaculate courtesy that manages to make the traveller aware of every stain on his cloak without a word being said about it.,"Formal questions about his road and his errand, and an answer about the state of the country that is more useful than the manner suggests.",The condescension is unconscious and the information is excellent. Taking offence would cost him the second thing.,Answers formally. Takes the information. Lets the manner pass.,weighing_the_heart,"Have them probe courteously, measuring the traveller's purpose and heart before they give any trust."
0e2f0013-0000-4000-8000-0e2f00000013,dbbed084-7bf7-4099-9a73-a6cc8055bdc0,elves,brief_exchange,low,,coastal,,"Grave and welcoming at once, and clearly used to Men — the greeting is pitched for a mortal ear.","News of the havens, the state of the coast road, and a mention that fewer ships come to their quay each decade and none of them are new.",They have lived beside Men for an age and are the last of their kin who do. The friendliness is genuine and elegiac.,Gives them the news they ask for. Notices what is not said about the quay.,the_fading,"Have them speak of the slow fading of the Elves and the lands they must leave, with a sorrow worn smooth by long years."
0e2f0014-0000-4000-8000-0e2f00000014,2c718b24-122d-43c2-bfd3-aaeee51ac5d2,elves,brief_exchange,mid,,silvan,,Green-clad and half-invisible until they speak; the voice arrives before the shape resolves.,"A statement that the wood is not what it was, given as a fact about the trees rather than a complaint, and a route that avoids the worst of it.",They are the oldest kind of woodland folk and they measure the sickness of a forest in centuries. This year is worse than last.,Follows the route. Believes the diagnosis.,care_of_living_things,"Have them turn the talk to beasts, trees and growing things, and the keeping of them."
0b2e0001-0000-4000-8000-0b2e00000001,3ef3eb9f-d0d0-41a0-af90-b4387492b1f4,humans,brief_exchange,low,,enemy,,"Veiled against the sun and formally polite, with a courtesy that has rules he does not know.","Talk of water — where it is, who owns it, what it costs — and a question about whether the northern wells are held by anyone this season.",Water is the only real subject here and he is being assessed as a competitor for it.,Answers about the wells. Observes the courtesy without pretending to understand it.,harvest_and_weather,"Have them talk plainly as working folk do: crops, beasts, the turning season, hard times or good."
0b2e0002-0000-4000-8000-0b2e00000002,c5a3e121-2234-4f2a-8fe8-238db9eb4a0c,humans,brief_exchange,mid,,enemy,,"Cautious, sun-dark and quick to end the conversation if it turns to anything official.","Where the next cistern is, and a flat statement that the tax-riders came through eleven days ago and took more than the tally allowed.",They are being squeezed by their own overlords and a stranger is the safest possible audience for saying so.,Takes the cistern. Does not repeat what he heard to anyone in a uniform.,harvest_and_weather,"Have them talk plainly as working folk do: crops, beasts, the turning season, hard times or good."
0b2e0003-0000-4000-8000-0b2e00000003,58964860-bbd7-4604-a4dd-fc3528f406bf,humans,brief_exchange,low,,northman,,"Talkative traders of the wine-country, immediately friendly and immediately calculating.","The price of wine three markets downriver, the state of the eastern road, and an offer to carry a letter for him if he is going the other way.",Everything is business and the business is pleasant. There is no hidden edge to this one.,Gives the road-news. Sends no letter. Buys nothing and is liked anyway.,news_and_rumor,"Have them trade news of the road — war, bandits, strange sights — hungry for word from elsewhere."
0b2e0004-0000-4000-8000-0b2e00000004,9465fdad-d9f9-4165-be49-a57b70092638,humans,brief_exchange,mid,,wild_mountain,,"Hard-faced hill-men who stop him with a question rather than a weapon, which is itself a decision.","They want to know whether he came through the valley by the standing stone, and whether anyone was camped there when he did.",There is a feud running in these hills and his answer places him in it whether he wants to be placed or not.,Answers only what he saw. Refuses to guess whose camp it was.,suspicion_of_strangers,"Have them probe in a guarded, even hostile way, mistrusting an unknown face in hard times."
0b2e0005-0000-4000-8000-0b2e00000005,1743d63f-3886-46b9-88a7-681b8a013343,humans,brief_exchange,low,,wild,,Curious rather than hostile; a young one is sent forward to talk while the others watch from the slope.,"Questions about where he comes from and what he is carrying, asked plainly, and a warning about the herd of something large moving north of here.",The youth is being tested by his own people and the traveller is the test. Both of them know it.,Answers the boy seriously. Gives him something to carry back.,where_are_you_bound,"Have them ask frankly but carefully who the traveller is, and where they are going, and why."
0b2e0006-0000-4000-8000-0b2e00000006,110d79f1-e19e-45f0-9ba2-9b740d8b675b,humans,brief_exchange,low,,coastal,,"Loud, cheerful and already halfway through a story that started before he arrived.","News from three ports, a wildly exaggerated account of a storm, and one entirely accurate detail about a captain who is hiring.","Nine parts noise and one part gold, and the gold is the hiring. Sorting them is his problem.",Lets the story run. Keeps the name of the captain.,news_and_rumor,"Have them trade news of the road — war, bandits, strange sights — hungry for word from elsewhere."
0b2e0007-0000-4000-8000-0b2e00000007,8fb2d1a5-c6fd-4a6d-85d9-c32dbe6de7f5,humans,brief_exchange,low,,gondorian,,"Correct, bored and thorough — a patrol going through a procedure it has performed four hundred times.","Name, road, purpose, and then, unprompted, a genuinely useful warning about the state of the bridge and where the last robbery on this stretch happened.",The procedure is dull and the men are decent. The warning is not part of their orders.,Answers all three questions. Thanks them for the part that was not official.,where_are_you_bound,"Have them ask frankly but carefully who the traveller is, and where they are going, and why."
0b2e0008-0000-4000-8000-0b2e00000008,1e9bfa16-7c30-42d4-bfc8-45101f0a74b9,humans,brief_exchange,mid,,gondorian,,"Appears out of ground that looked empty, speaks quietly, and is plainly annoyed that the traveller is walking this line at all.","A short, exact account of what is ahead, and an instruction to be off this ground by dusk and not to light a fire on it.",They are watching something and he is interfering with the watching. The information is given to move him along faster.,Is off the ground by dusk. Does not light a fire.,what_stirs_in_the_dark,"Have them ask quietly about the growing shadow, and rumour of orcs, wolves and fouler things abroad."
0b2e0009-0000-4000-8000-0b2e00000009,f01c1f88-c9dc-4969-858a-6c138ca63e24,humans,brief_exchange,low,,dunadan_north,,"Recognition on both sides within two sentences, and then the conversation becomes very economical.","Where the roads are watched, which house will still open its door, and a name that has stopped appearing on the circuit reports.","Two people who keep the same kind of faith, comparing ledgers on a road neither of them will describe to anyone else.",Trades the ledger honestly. Marks the missing name.,oath_and_kin,"Have him speak of loyalty to king and folk, and the binding weight of a word once given."
0b2e0010-0000-4000-8000-0b2e00000010,d76349ce-2b8a-4fc2-96da-0e6e4e4e0efb,humans,brief_exchange,low,,,,"Serene, footsore and entirely unworried about anything the traveller might be worried about.","Where the shrine-stones are on this road, which spring is thought to be blessed and which is only clean, and an offer to share bread on the strength of nothing at all.","There is no calculation in it, which is rare enough on this road to be worth a moment of suspicion and then of shame.",Shares the bread. Asks about the stones. Stops suspecting.,simple_kindness,"Have them offer food, a tale or directions, with homely, unsuspecting goodwill."
0b2e0011-0000-4000-8000-0b2e00000011,a14f5326-e687-4ae9-ad10-494bcf0cddca,humans,brief_exchange,low,,northman,,"Town-bred, brisk and less interested in him than in whether the road he came by is fit for a waggon.","The market days in the next three towns, the current price of grain, and a complaint about the tolls that is at least half accurate.",Purely transactional and quite friendly with it. He is a source of road conditions and nothing more.,Answers about the waggon road. Keeps the market days.,news_and_rumor,"Have them trade news of the road — war, bandits, strange sights — hungry for word from elsewhere."
0b2e0012-0000-4000-8000-0b2e00000012,b7c21b0d-c385-48ef-9dd8-9387d6803796,humans,brief_exchange,mid,,,,"Guarded and tired, in the manner of people who live in a town that used to matter and now mostly floods.","Which of the causeways still carries a man, what the bridge-works are charging this month, and a request that he not mention having come from the north side.",Their whole living depends on the crossing and the crossing is failing. Strangers from the north are a subject with history.,Uses the good causeway. Says nothing about the north side.,harvest_and_weather,"Have them talk plainly as working folk do: crops, beasts, the turning season, hard times or good."
0b2e0013-0000-4000-8000-0b2e00000013,a59bf43b-ed5d-42c4-a0aa-ab02192000cd,humans,brief_exchange,low,,gondorian,,"Gracious from horseback, with an attendant who does the practical parts of the conversation.","A courteous enquiry about his road, an invitation to make use of a well on their land, and a piece of political news he was not supposed to hear.",The courtesy is genuine and the news was a mistake. Whether it was a mistake is worth thinking about later.,Accepts the well. Files the news. Does not react to it.,news_and_rumor,"Have them trade news of the road — war, bandits, strange sights — hungry for word from elsewhere."
0b2e0014-0000-4000-8000-0b2e00000014,bcf9bf2a-fca1-49d8-b540-a0e0777a047e,humans,brief_exchange,low,,lossoth,,"Brief, unbothered and standing far enough back that the wind carries most of the words away.","Where the ice is thin, where the seals are, and a warning that the weather will turn within the day whatever the sky is currently doing.",They speak to strangers rarely and never at length. Everything said is chosen for its usefulness.,Believes the weather warning over his own eyes. Moves.,harvest_and_weather,"Have them talk plainly as working folk do: crops, beasts, the turning season, hard times or good."
5c0ca874-21d2-4a24-a061-97d711949852,,drakes,sign_only,low,,,,"Claw-rakes on a rock face, ten feet off the ground. Whatever made them came down from above.","The gouges are deep and fresh — made within two days. The spacing suggests something large, four-limbed, moving fast across vertical stone. No blood. Whatever it hit, it carried away.","It is above the treeline, or it was. The marks face the direction the traveller is heading.",Reads the height and spacing. Continues with the ridge on their right.,news_and_rumor,
9f968c79-4c43-4d99-889e-12f91e158629,,drakes,sign_only,mid,,,,"A kill-site on the hillside — the carcass of a large elk, stripped to the spine in one feeding. The bones are blackened.","Not scorch-marks. The bones themselves are darkened, changed by something in the saliva. Recent. The drag-marks coming in are from above; the departure tracks are none — it lifted off.",Whatever fed here is still in the region. Elk this size are not easy prey.,Does not linger. Moves into denser cover and away from the open hillside.,news_and_rumor,
e5b864d5-bf10-437a-84d7-17fdbcab4133,,drakes,sign_only,high,,,,"A village at the valley bottom — not burning, not attacked. Abandoned. Every door left open.","They left fast enough that food is still on the tables. The direction of the footprints leads east, away from the high ground. Something drove them out without violence. The silence that drives people out before it arrives.",The shadow that made them run is still somewhere in the heights above.,Does not go into the valley. Takes the ridge track east.,suspicion_of_strangers,
d3e71ecc-8533-4688-b5be-7d5c7830cc06,,drakes,sound_only,low,,,,"A sound from the high ground — not a bird, not rockfall. Something between a resonant hiss and a low sustained note.","The sound repeats at irregular intervals from the same direction. It is not communication. It is something breathing at altitude, the chest-cavity resonance of something large.","It is not coming closer. It is where it is, doing what it does. The question is whether the road passes under it.",Identifies the direction. Checks whether the road goes under it. Plans accordingly.,news_and_rumor,
dfb31f10-f978-40e3-b635-b5311ac5daa4,,drakes,sound_only,high,,,,A vibration in the rock under the feet — not an earthquake. A rhythmic resonance. Something moving through a passage in the mountain.,"The vibration comes up through the soles and into the bones. It is moving parallel to the surface road, below it, in the direction of travel. Fast.",It will emerge somewhere ahead. The question is where the passage opens.,Moves off the road onto higher ground. Watches for where the passage opens below.,what_stirs_in_the_dark,
67598ec0-a227-4955-8a4c-fedcce5cfa0d,,drakes,glimpsed_far,low,,,,"A shape on a distant ridge — long, low, four-limbed, moving along the skyline without haste.",It is visible for approximately thirty seconds before it drops below the ridge. It did not look in this direction. The size at that distance suggests something between twelve and twenty feet long.,It was heading north. The road ahead goes north.,Notes the direction. Notes the approximate size. Continues.,news_and_rumor,
97d59925-1e6e-41bc-bfc7-da42a0d1842e,,drakes,glimpsed_far,mid,,,,"A shape in the air — not a bird. Wrong wingbeat, wrong proportion, wrong altitude.","It is circling. Whatever it is circling is approximately two miles north and slightly west. The circling is methodical, not thermal-riding. It is watching something below it.",The road passes approximately a mile east of whatever it is watching.,Adjusts the route to pass east of the circling point.,news_and_rumor,
47fd0a50-a8dc-4004-8e76-ec2a891b9d09,,drakes,glimpsed_far,high,,,,"On the mountainside across the valley — a drake, sunning on exposed rock. Not moving. Aware.",It has seen the traveller. It has been watching since before the traveller saw it. It is not moving because it has decided the distance is sufficient. The distance is perhaps four hundred yards.,It is deciding. The decision will take approximately as long as it takes the traveller to cross the open ground.,Does not run. Does not stop. Maintains exactly the same pace across the open ground.,threat_and_jeer,
cdba5d63-5142-40f3-8f35-a2cbf3b5f19e,,drakes,watches,mid,,,,"From the cave-mouth above the road, something is watching. Two points of amber light in the dark, unblinking.",It has been there since before the traveller entered this stretch of road. It is not the darkness of the cave that is dangerous — it is the patience. Drakes watch what they are considering.,It has not moved. This is not reassurance. They do not move until they decide.,Does not slow. Does not look up. Calculates the distance to the next cover.,threat_and_jeer,
6cf7f0fe-3aee-402f-9ebb-1a9a981034c8,,drakes,watches,high,,,,"The drake is on the road. Not blocking it — beside it, facing the traveller. Watching.","It is not in attack posture. It is in assessment posture: head low, neck extended, reading the traveller the way a predator reads something unfamiliar before deciding what category it falls into.",The decision will happen. It is happening now. The window where walking away is still possible is brief.,Does not run. Does not approach. Holds position. Makes the size of the decision as clear as possible.,threat_and_jeer,
04d67694-00b0-42c5-b727-25e7f48c4917,,demons,presence_felt,low,,,,Nothing visible. A wrongness in the air — the specific quality of attention that should not exist in an empty place.,"The temperature did not drop. The light did not change. But something became aware of the traveller's presence here. Something far away, or something close and very still.",It has not acted. It is noting. The difference between those two things is not permanent.,Does not stop. Does not acknowledge it. Continues at the same pace.,what_stirs_in_the_dark,
26177980-959b-40af-8df7-6fd69ccb8742,,demons,presence_felt,mid,,,,"A sound that the ears process as a word, though no voice made it — a name, or something that functions as a name.",It came from no direction. It did not repeat. But it was specific — the kind of specific that means something knows exactly what it is addressing.,"Something named the traveller. Whatever that means in the context of where the traveller is standing, it is not nothing.",Does not answer. Does not stop. Puts distance between this place and the next camp.,what_stirs_in_the_dark,
754f4d84-936d-4543-942d-b9b616105ec8,,demons,presence_felt,high,,,,"The shadow ahead of the traveller bends wrong — not with the light, against it.",It is the traveller's own shadow doing it. Something between the traveller and the light is distorting the projection. Nothing visible is between them and the light source.,It corrects itself after a moment. That moment was not nothing.,Does not look directly at the place the shadow bent. Keeps moving.,what_stirs_in_the_dark,
ee6e88cf-0eeb-43e3-a2ef-da03a213e369,,demons,glimpsed_far,mid,,,,"On a distant ridge at dusk — a shape that is too tall, too narrow, moving with a stride that covers ground too fast for its apparent size.","It is visible for less than ten seconds. It is moving parallel to the road, heading the same direction as the traveller. It did not look in this direction.",It knows the road because it has used the road. That is worse than if it didn't.,Watches until it disappears. Chooses a route that diverges from its direction.,what_stirs_in_the_dark,
d01cc96e-ba0e-428b-b766-1ebbf76490d0,,demons,glimpsed_far,high,,,,In the smoke above a burning structure — a shape that is not smoke. It is moving through the smoke the way something moves through water.,"The fire is old enough that no one is near it. The shape in the smoke is paying attention to the direction the survivors went, not to the traveller. It has not seen the traveller yet.",Yet.,Moves away from the fire. Moves fast.,what_stirs_in_the_dark,
36a860da-f94f-4561-a27a-d66819968ff2,,demons,watches,high,,,,"It is standing at the far end of the passage. It is not moving. It is not the darkness — it is in the darkness, which is different.","It is aware of the traveller. The awareness is total — not the awareness of an animal that has heard something, but the awareness of something that knew before the traveller entered the passage.",It is deciding whether the traveller is worth the effort. That is a question the traveller should leave the passage before it answers.,Turns around. Finds another way.,what_stirs_in_the_dark,
5f1d0058-87e1-45e3-8689-2f7c4589dfeb,,giants,sign_only,low,,,,"A boulder on the road that was not there yesterday — moved from the cliff face above, recently. The marks where it sat are fresh.","It was not a rockfall. The base-fracture is clean, as if something lifted it rather than it falling. The boulder is twice the height of a man.",Something moved this for a reason. The reason was not to block the road — it is offset to the side. The reason was to move it.,Notes the clean fracture. Continues. Stays under the cliff-face rather than in the open.,news_and_rumor,
a010f6fd-217d-4e4a-a32c-369a1e57e07f,,giants,sign_only,mid,,,,"Handprints on the cliff face — man-shaped but eight feet across, pressed into the rock at a height of thirty feet as if the cliff was used for leverage.","Something climbed here recently, using the cliff-face as a handhold. The impressions are shallow but visible. Whatever made them was heavy enough to press into stone.","It went up, not down. It is above the traveller on this cliff.",Moves away from the cliff-base. Does not look up.,news_and_rumor,
ce26f3d1-f930-4902-bdf4-d09a14d72e70,,giants,sound_only,low,,,,"From the high pass — a sound like boulders striking each other, but rhythmic. Not rockfall.","It repeats at irregular intervals. The direction is consistent: the high ground to the left of the pass. It sounds like a game, or an argument conducted in stone.",The pass goes between those high points. The sound comes from both sides.,Waits until the rhythm goes quiet before entering the pass.,news_and_rumor,
747af644-cb74-4af4-b112-ef1bec368f55,,giants,sound_only,high,,,,A voice — if it can be called that — from somewhere above. A single syllable that resonates in the chest cavity at a frequency that is more felt than heard.,It did not repeat. It may have been directed at the traveller or at something else entirely. The size of the voice implies the size of the thing that made it.,The pass ahead narrows. Whatever is above is still above.,Does not respond. Moves through the narrows quickly.,what_stirs_in_the_dark,
6c00caf3-d344-405a-af67-95be303eec0e,,giants,glimpsed_far,low,,,,"On the high peaks across the valley — movement that resolves into a figure. A very large figure, moving between crags with the ease of someone walking a flat road.","It is perhaps a mile away and three thousand feet above. It is carrying something — a section of cliff-face, approximately. It does not appear to have noticed the traveller.",The pass the traveller needs goes under those crags.,Watches where it goes. Times the crossing of the open ground.,news_and_rumor,
b137d429-3502-4235-97b4-f538bff74fec,,giants,glimpsed_far,mid,,,,"Two of them on a ridge above the pass — visible only because one of them stood up, and standing up brought it above the skyline.","They are sitting. They appear to be in conversation, or something that functions as conversation. They have not looked this way. The road goes through the gap between their ridge and the cliff-face.","The gap is narrow. If one of them stood and moved to the cliff edge, the road would be directly below it.",Times the crossing. Moves when both are seated.,news_and_rumor,
f17e57d8-e45a-4d19-b670-913b8786f8ca,,giant_spiders,sign_only,low,,,,"Strands of web across the path — not a full web. Anchor lines, thick as a finger, spanning the trail between trees.",They were placed deliberately at neck height. Not a trap exactly — a marker. Something claiming the path ahead as its hunting ground.,The strands are old enough to be dry but not decayed. The marking was made within a week.,Ducks under the strands. Does not break them. Moves carefully.,suspicion_of_strangers,
31474e21-320e-4aff-b187-0ec2cb885ffe,,giant_spiders,sign_only,mid,,,,A cocooned shape hanging from a branch fifteen feet off the path. Large enough to be a person.,It is not moving. The cocoon is recent — the silk is still pale and untarnished. Whatever is inside was put there within two days.,There may be others. The cocooning means the spider hunts this path regularly.,Does not approach the cocoon. Notes the height of the branch. Moves fast through this section.,what_stirs_in_the_dark,
eef98792-b086-4602-affd-839000b9cb99,,giant_spiders,sign_only,high,,,,"The path ahead is walled in web — not crossing it, filling it. A corridor of silk from ground to canopy, deliberately constructed.","It is a funnel. The open end is here, at the traveller's position. The closed end is ahead, invisible behind the white of the silk. The construction is patient and considered.",This is not an obstacle. It is an invitation that the traveller did not accept.,Does not enter. Finds the way around.,what_stirs_in_the_dark,
a4585492-b353-4a72-a435-d1d628bdd7af,,giant_spiders,watches,mid,,,,"In the canopy above — eyes. Eight of them, arranged in two rows, reflecting the light from between the leaves.",It is not moving. It registered the traveller's presence some time before the traveller registered its. It is waiting to see if the traveller will stop.,Stopping is the wrong answer. Stopping means it has time to drop.,Does not stop. Does not look up directly. Moves at a pace that says: aware but not afraid.,threat_and_jeer,
46d8f96b-3bbd-4245-a9ee-ede83071c3c0,,giant_spiders,watches,high,,,,"The tree directly above has too much stillness in it — no movement even in a light wind, every branch weighted down by something that is not leaves.","It is one spider or it is several, and they have been there long enough to stop the tree moving. The weight of them is visible in how the branches sit.",It — or they — have been watching the approach for several minutes.,Does not stop under the tree. Does not look up. Keeps moving.,threat_and_jeer,
a9eee241-aaae-4865-8a20-9bb5b97a499f,,pukel_constructs,mistaken_for_object,low,,,,"A stone post at the junction — plain iron-grey, four feet tall, unremarkable. Except it was not there on the way in.","It has no inscription. It has no obvious purpose. It is positioned exactly at the center of the junction, equidistant from all three paths.","It moved. Between when the traveller entered the valley and now, it moved here.",Studies it without approaching. Takes the western path. Does not go back the way it came.,what_stirs_in_the_dark,
3781f356-0a81-4631-868c-cae38db38d48,,pukel_constructs,mistaken_for_object,mid,,,,Among the carved stones at the forest edge — one that looks like the others until the light changes and it doesn't.,"The shadows fall wrong on this one. The proportions are almost right but the stone's grain doesn't match the carvings around it. It is newer, or it is different, or it is not stone.","The Woses placed these carvings for a reason. Whatever this one is, it is not their work.",Does not touch it. Does not get closer. Leaves the forest edge.,what_stirs_in_the_dark,
9a444f6c-c15f-4469-8b47-d27f36839b6d,,pukel_constructs,watches,mid,,,,The stone figure at the path's edge has turned since the traveller last passed it.,"It was facing east. It is now facing the traveller. The base has not moved — only the figure, from the waist up. It is watching.",It has not attacked. The constructs do not attack unless the boundary is crossed. The question is where the boundary is.,Does not cross the path. Goes around.,what_stirs_in_the_dark,
0faa58d7-8912-4123-8985-53a95bee9784,,pukel_constructs,watches,high,,,,"There are more of them than there were. The path that had three guardian-stones now has seven. Three of the new ones have no moss, no weathering.","They are closing in incrementally. The path is being narrowed. Whatever the boundary was, the traveller has been moving inside it and the constructs are adjusting.","The Woses who made these are somewhere close, watching through the constructs' awareness.",Stops. Addresses the forest directly. Says: I mean no harm to this wood. Then waits.,care_of_living_things,
338fac46-ab37-41ad-87d2-7afbaa66bf90,,trolls,brief_exchange,low,,,,"One sitting on a boulder at the road-side, eating something it would be better not to identify. It looks up when the traveller passes.","It says — slowly, with the effort of someone who doesn't use speech often — that the traveller is small. It says this as an observation, not as a threat. It is genuinely noting the size.",The observation has no follow-up. It goes back to what it was eating.,"Agrees that yes, it is small. Continues.",quarrel_among_themselves,
8ee3c909-e2e5-4640-b9de-7fab0c327120,,trolls,brief_exchange,high,,,,It comes out of a cave-mouth at the bend and stops when it sees the traveller. It did not expect company.,It says: you're not supposed to be on this road. It says it with the specific confusion of something following instructions it doesn't fully understand. Someone told it the road would be clear.,Someone gave it instructions. Someone expected the road to be clear. The traveller is the problem in that plan.,Asks who said the road would be clear. Watches it decide whether to answer.,suspicion_of_strangers,
45c38018-ac3f-4e0e-b5d5-da96c3615208,,undead,confronts,low,,,,"A barrow-entrance, and in front of it a figure that occupies the threshold — not blocking it, being it.","It does not speak first. It is the threshold. Whatever is in the barrow behind it is what it was in life, and it has been in that barrow a long time.",It will not move. It cannot move. It is bound to this place in a way that is complete.,Does not approach. Addresses it from outside the barrow's influence. Asks its name.,old_grief,
21b8b038-daf4-4ac7-aa06-5ea206277b68,,undead,confronts,high,,,,"It is on the road. Not beside it — on it. Standing in the middle, occupying the center, facing the traveller's direction.","It is not one of the mindless ones. Its eyes track. It has something it wants to say, or something it wants to do, and it has been waiting on this road for the right person.",The traveller may or may not be the right person. It is making that determination now.,Stops. Does not approach. Lets it make its determination without interference.,old_grief,
0b5267a4-3083-4f4e-8fc5-e7e87f99382a,,undead,brief_exchange,low,,,,"It appears at dusk — not suddenly, just present where it was not. Standing at the edge of the road, looking at the traveller's fire.",It remembers fire. The memory is old and the connection between the memory and the fire is broken in ways it cannot articulate. It looks at the fire the way the very old look at things that remind them of something they cannot name.,It is not threatening. It is homesick for something it can no longer reach.,Does not invite it closer. Does not drive it away. Lets it stand there.,old_grief,
0f500a24-c61b-4c26-87c6-36b8c5a26244,,undead,brief_exchange,high,,,,"It speaks before the traveller sees it — from behind, already close.","It says a name. Not the traveller's name. Someone else's name, spoken with the particular urgency of the long-dead looking for someone who has also long since died.",It will not stop until it understands that the person it is looking for is gone. That understanding may take a long time to arrive.,Turns to face it. Says: that person is dead. Says it clearly. Waits to see if it can receive this.,old_grief,
3e549f49-fba7-48f8-8be5-ded2e6d74a42,,living_trees,brief_exchange,low,,,,"A creak from above — not wood settling, deliberate. The tree has something to say and this is how it begins.","It says, after a long pause, that this path has been used more often recently. It says this with the interest of something that has been watching the same stretch of ground for four hundred years and noticed a change.","The change it noticed is recent enough to be meaningful. It is asking, in the way Ents ask, whether the traveller knows what is causing it.",Tells it what the road has looked like from ground-level. Takes the time the answer deserves.,care_of_living_things,
b31d8f92-2d8e-49cf-8ed9-43f39c9027e4,,living_trees,brief_exchange,high,,,,It steps onto the path from the treeline — the motion takes approximately forty seconds and the sound of it is the sound of the forest rearranging itself.,"It says that something has been entering the forest from the east for several nights and that it smells wrong in a way the Ent does not have precise language for. It says: wrong in the way the forest was wrong in the second age, before we understood what was happening.",An Ent saying this is not hyperbole. It has comparative data spanning thousands of years.,"Asks it: what does wrong smell like, specifically? What did it smell like in the second age?",what_stirs_in_the_dark,
c932d570-ecc8-4744-85d0-5c20524a2b4b,,hazards,scenery,low,,,,A flooded section of the road ahead — shallow enough to wade but the current pulls sideways.,The ford here is normally reliable. Something upstream has changed the drainage. The far bank is firm.,"A minor cost of time and wet boots, nothing more. The road continues beyond it unchanged.",Finds the shallowest crossing. Wades.,harvest_and_weather,
800c0c70-c896-4056-8153-cbe0851003bf,,hazards,scenery,mid,,,,"A section of cliff-face above the road shows fresh scoring — recent rockfall, the debris still white against the older stone.",The fall happened within the last day. Loose material still hangs on the upper face. The debris field across the road is passable but the passage under the unstable rock is perhaps thirty metres.,The risk is real but brief. The alternative is a long detour.,"Crosses fast, under the overhang, without stopping.",harvest_and_weather,
7d4b39bc-1bc0-4a9d-9d8a-df6474ff504c,,hazards,scenery,high,,,,"A section of the road has subsided — not collapsed, sunk, the surface intact but the ground beneath it no longer solid.","The subsidence is several metres across. The surface holds weight for now. Something underground has changed — water, rot, a cavity. It will not hold indefinitely.",The road is still technically passable. The word technically is doing a great deal of work.,Tests the edge with a stick. Crosses close to the high side where the ground is more solid.,harvest_and_weather,
9cf2e8cb-8905-479b-9646-a116ef3c58c1,,hazards,hinders_passage,low,,,,"A tree across the road — freshly fallen, root-ball still tearing free of the soil on the uphill side.","It came down in the last few hours. The crown is thick and tangled; going over it is possible but slow. Going around it on the uphill side means climbing the root-ball, which is unstable.","Neither route is dangerous, only awkward. The road is clear on the far side.",Goes around the root-ball on the lower side where the ground is firmer.,harvest_and_weather,
6e2a8a08-7be2-4f9a-95cc-584d2c976eaa,,hazards,hinders_passage,mid,,,,A bog has encroached onto the road — the surface looks firm but the footprint sinks two inches on the first step.,"The bog extends perhaps fifty metres. The road skirts the edge of it but the road itself is compromised. Deeper in, the ground is black water with a grass skin over it.",People have crossed here before — there are marks on the verge where travelers pushed through. The marks are old.,Tests each step. Moves to the verge when the road softens. Takes twice the time.,harvest_and_weather,
b28f1d50-2251-439b-8248-671d597f47b8,,hazards,hinders_passage,high,,,,"The bridge is out — not collapsed, removed. The timbers are gone and only the stone piers stand in the river.",The river here is not crossable on foot. The nearest ford is a full half-day upstream. Someone removed those timbers deliberately.,Who removes a bridge and why is the question. The answer is somewhere upstream near the ford.,Does not cross. Turns upstream. Moves carefully.,suspicion_of_strangers,
8df6e2ad-232d-4e87-bb35-8c00460ee6e4,,hazards,sudden_peril,low,,,,The ledge-path crumbles underfoot — a section approximately two metres gives way without warning.,"One foot goes through. The drop below is not fatal but the recovery requires immediate action — push back, redistribute weight, find the solid edge.","Two seconds of real danger, then it is past. The path is narrower on the other side of the gap.",Pushes back hard. Finds the solid edge. Does not look down. Continues.,harvest_and_weather,
d010d53e-d7d2-4a38-9af1-f42576998cbd,,hazards,sudden_peril,mid,,,,"Flash of movement and a loud crack — a branch the width of an arm falls from directly above, misses by less than a foot.","The dead wood was sitting in the canopy. Something — wind, a bird, nothing visible — dislodged it. The impact crater in the soil beside the path is considerable.",Nothing to be done about it. It either hits or it doesn't.,Moves out from under the canopy. Keeps moving.,harvest_and_weather,
6820e9c9-610b-4767-91e3-300f1ed298b9,,hazards,sudden_peril,high,,,,"The ground opens — a sinkhole, perhaps two metres across, directly in the path. The near edge crumbles inward as the traveller stops.",The hole is deep enough that the bottom isn't visible. The soil around it is still settling. It opened within the last hour — the broken turf edges are fresh.,The path is gone here. The way around requires going fifty metres off-track into steep ground.,Steps back from the crumbling edge. Goes around. Does not hurry — the ground here is clearly not reliable.,harvest_and_weather,
0d354f5b-f6d3-41c3-afa9-96fa232cc2e4,,herbivores,sign_only,low,,,,"Fresh deer-slots in the soft ground beside the path — a doe and two young, moving toward the stream.","Made within a few hours, heading downhill. The slots are clean and unworried — no sign of flight. The deer have not been alarmed recently.",Deer moving calmly means the forest ahead is quiet. That is worth knowing.,Notes the direction. Continues.,care_of_living_things,
bb296972-fb7b-4890-aae1-3428b54908b9,,herbivores,sign_only,mid,,,,"The ground around a waterhole has been heavily churned — large hooves, many animals, recently.","A herd came through here within the last day. The mud is still wet. Whatever brought them here in numbers — a long dry spell, or something drove them off their usual ground.",Driven animals mean something was behind them. The direction they came from is worth noting.,Reads the direction of the herd's arrival. Considers what was behind them.,care_of_living_things,
cc67f316-2423-4511-a96d-ac35487a1638,,herbivores,sign_only,high,,,,"The carcass of a large elk, untouched. Not killed — starved, recently, in a region where starving elk make no sense.","The body is intact, no predator-sign, no disease-sign. It simply stopped and did not move again. The grass around it is ungrazed.",Herbivores do not starve in good country in this season unless something has made them too frightened to graze.,Studies the ground. Notes the direction the elk was facing when it stopped. Continues with the ridge on one side.,what_stirs_in_the_dark,
f5fe6369-19a0-4414-bc05-d59f37bc4f9d,,herbivores,glimpsed_far,low,,,,"A herd on the hillside above the road — moving uphill in the late afternoon, which is the right direction at this hour.","Thirty or forty animals, the usual mixed herd. Moving at a natural pace, no sign of disturbance.",The land up there is good. Nothing has disturbed it today.,Notes the count. Continues.,care_of_living_things,
88bf030f-6991-4b13-aeb3-8b5caf5a2502,,herbivores,glimpsed_far,mid,,,,"A large solitary animal on the skyline — not a deer. Too large, wrong proportions, standing still on the ridge.","An aurochs, or a giant breed the traveller has not seen before. It is watching the road below. It does not move.",Animals that watch roads from ridges without moving are worth taking note of. This one is not afraid of the road.,Notes the size and direction. Keeps moving.,care_of_living_things,
4dbfc162-27d9-4d1b-b9ca-580fda4f51f9,,herbivores,observed_activity,low,,,,"A herd grazing the meadow beside the road — unperturbed, heads down, moving slowly in the late morning light.",Perhaps twenty animals. They registered the traveller's approach and decided the traveller was not interesting.,The herd being calm means the road ahead has been undisturbed. Frightened animals do not return quickly to a feeding ground.,Passes without disturbing them. Uses the observation.,care_of_living_things,
12f38939-860f-4bc5-b00f-aeeb7adeaee6,,herbivores,observed_activity,mid,,,,"A stag at the water's edge, drinking. It looks up when the traveller approaches, holds for a long moment, then retreats into the trees without urgency.",It held long enough to assess. The assessment came back: not a threat. That assessment has been running correctly for this animal so far.,Nothing alarmed it before the traveller arrived. The forest behind it was quiet.,Notes the calm. Continues.,care_of_living_things,
fe3600b6-fa45-49dc-97a4-91b94ed505b3,,herbivores,reacts_withdraws,low,,,,"The herd at the meadow-edge scatters as the traveller rounds the bend — not in panic, in the unhurried retreat of animals that are startled but not truly frightened.",They move uphill and stop at the treeline to look back. A normal response. They will return within the hour.,Nothing else spooked them. This was the traveller.,Continues without pursuing them.,care_of_living_things,
9eae7da7-7742-43b1-a587-0a89b18782b5,,herbivores,reacts_withdraws,high,,,,"A boar on the path ahead — huge, old, scarred. It faces the traveller for a full three seconds, then turns and crashes into the undergrowth.",It chose to leave. That is unusual for a boar this size. Something on the traveller read as more dangerous than a large boar was willing to deal with.,"The shadow, perhaps. Or something that the boar could smell that the traveller cannot name.",Notes the encounter. Continues. Wonders what the boar smelled.,what_stirs_in_the_dark,
376ef05f-8292-4b9a-ba70-b89f525d7343,,carnivores,sign_only,low,,,,"Wolf-prints crossing the path — a pair, moving at a trot, heading north. Made last night.","Both adults, by the size. Not a pack, a bonded pair. Moving purposefully, not hunting — the stride is too regular for active hunting.","They have a destination. The direction is north, same as the traveller.",Notes the direction. Checks behind. Continues.,care_of_living_things,
c9d20a4b-3e34-4e84-968e-f2180a5633c6,,carnivores,sign_only,mid,,,,"The remains of a kill on the road — bones, hide, scattered. Something large fed here recently.","The kill is clean-stripped in the way of bears, not wolves or cats. The bones are crushed. The hide is turned inside-out, which bears do systematically.",A bear large enough to turn a deer's hide inside-out and crush the long bones is significantly larger than average.,Reads the size from the print-depth in the mud beside the kill. Continues. Keeps the road open on both sides.,care_of_living_things,
87982532-ff51-4cf4-bb1a-4b2c1ce85d0a,,carnivores,sign_only,high,,,,"Claw-marks on a tree beside the path at head height — five parallel gouges, deep, in hardwood.",Marking territory. The height means the animal stood on its hind legs to make them — eight feet minimum. The marks are recent enough that the wood inside the gouges is still pale.,Something very large is marking this path as its territory. The marks face the direction of travel.,Does not touch the marks. Continues. Moves quietly.,what_stirs_in_the_dark,
7ba1a3ef-590e-4a83-bb71-4cdca5d1a7d3,,carnivores,stalks,mid,,,,"Something is following. Not seen, not heard — felt. The specific quality of being tracked by something that knows how to stay out of sight.","It has been there for perhaps twenty minutes. It matches pace changes. It does not come closer, but the distance between them has not increased either.","Whatever it is, it is waiting for something — a change in terrain, a moment of inattention, a decision to stop.",Does not stop. Does not look back directly. Moves onto open ground where the follower will have to cross open space to close the distance.,threat_and_jeer,
f587e05a-bff2-47a2-b757-ce2ad9ce3fb8,,carnivores,stalks,high,,,,"Two of them, one on each side of the road. The one on the right is visible when it moves between trees. The one on the left is inferred from the behavior of the first.",They are coordinating. The one on the right is the visible element — the one that makes the prey watch right. The one on the left will move when the prey is watching right.,This is a practiced technique. These animals have done this before.,Does not watch right. Moves to the center of the road. Increases pace.,threat_and_jeer,
404eda32-12ce-4ceb-895d-14026c08fc26,,sites,scenery,low,,,,"The ruins of a small tower at the road's junction — foundation stones clear, the upper work long fallen.","Dunedain-built, by the cut of the remaining stones. Three hundred years old at minimum. The road junction it guarded still functions. The tower no longer does.",The road has outlasted the people who built the tower to protect it. That is not unusual in the north.,Notes the stonework. Takes the right fork.,old_grief,
940e02d1-51f3-4bff-b96c-a2beb68ef386,,sites,scenery,mid,,,,"A village — inhabited, smoke from chimneys, faces at windows — but the gate is shut and nobody comes out.",The gate is new. The bar is heavy. The faces at the windows are watching the traveller in the specific way of people who have decided to wait and see.,Something happened here recently. The caution is fresh.,Does not approach the gate. Continues on the road past the village. Watches the faces watch.,suspicion_of_strangers,
9ae1b4bb-5e10-4333-bb34-954b358efd60,,sites,scenery,high,,,,"The village is empty. Not abandoned-empty — fled-empty. Doors open, fires cold, food left on tables.","Everything suggests speed. Animals are still in the paddocks, which means they left on foot and in a hurry.","Whatever made them leave fast enough to leave the animals — it was visible, not rumoured.",Does not enter. Notes the direction of the footprints leaving. Continues.,what_stirs_in_the_dark,
68ca394e-67f0-42c8-871a-421437d0868a,,sites,harvest_shelter,low,,,,"A wayhouse at the road's edge — solid, maintained, with the universal signal of travelers' hospitality: a lit lamp in the window.","The fire inside is real and the food is basic and the bed is dry. The keeper asks no questions beyond which road the traveller came from, which is road-courtesy, not interrogation.",A night spent here costs a small coin and restores something that cannot be easily named.,Accepts the hospitality. Gives the road news owed in return.,food_and_comfort,
b644aeb9-f713-4321-8218-a1f4f8f66df5,,sites,harvest_shelter,mid,,,,"A farmstead off the road, the farmer visible in the yard, who raises a hand as the traveller passes.","The gesture is an invitation as much as a greeting — the way of the frontier, where hospitality is extended to travellers because travellers extend it in return.",The farm has a barn. The barn is dry. The farmer has news from the eastern road that the traveller has not come from.,Accepts the implied invitation. Spends an hour. Trades road news.,food_and_comfort,
503a28f5-b382-4ace-b031-7c26919b8793,,sites,observed_activity,low,,,,"A market at a crossroads — temporary, six or eight stalls, the kind that assembles on one specific day of the week.","Merchants from two directions. The goods tell the story of where they have been: northern furs beside southern cloth, which means both roads are open.",Open roads and working markets mean the region is currently stable. That is worth knowing.,Walks through. Reads the goods. Notes the roads that are represented.,news_and_rumor,
e46682cb-c575-4c55-8430-290c0ca0f56c,,sites,observed_activity,mid,,,,A fortified waystation with a small garrison — the gate is open and the guards are watching the road with professional attention.,The guards note the traveller. One of them moves to the gatepost but does not call out. The attention is heightened beyond normal duty.,They are watching for something specific. The traveller does not match it.,Returns the nod. Continues without stopping.,suspicion_of_strangers,
7618df16-2232-4650-8fa9-1396a9994596,,sites,watches,mid,,,,The ruin watches. Not literally — but the way old places watch when their history is heavy enough to give them presence.,A keep that was besieged and taken and taken again and finally abandoned. The walls still hold. The gate-arch is intact. Nothing is inside except the weight of what happened there.,It is not dangerous to stop here. It is uncomfortable in a way that has nothing to do with physical danger.,Does not stop under the gate-arch. Passes it on the open side.,old_grief,
fb4c39d7-352e-4443-8d5b-4d8643a6b017,,sites,watches,high,,,,"The barrow-mound at the road's edge was not here before — or it was, but it was flat, and now the capstone has shifted and the opening is dark.",Someone opened it recently. The marks on the capstone are not old. The inside is dark and the air from it is cold in a way that has nothing to do with underground temperature.,Things inside barrows do not open barrows from inside unless something has changed.,Does not approach the opening. Notes the direction the capstone moved. Continues.,what_stirs_in_the_dark,
4323ea0d-af66-4963-ae5e-3fb86fa78848,,sites,hinders_passage,mid,,,,The road through the settlement is closed — a rope across it and a man sitting beside the rope who does not look up when the traveller arrives.,"He says, without looking up, that the road is closed until tomorrow morning. He does not explain why. He does not appear to be armed.",The rope is a formality. The closure is not.,"Asks why. Gets: ""town business."" Takes the lane around.",suspicion_of_strangers,
a08592dc-7a81-4b89-b592-82884fa7e359,,resources,harvest_shelter,low,,,,"A natural overhang above a dry, flat floor — the kind of shelter that has been used for exactly this purpose for as long as travelers have used this road.","Old fire-rings, cleared ground, the beam of a previous traveler left notched against the wall as a hanger. Everything needed, nothing extra.",Someone thought to leave the beam. It is still there. The traveller is glad of it.,Sets up camp. Notes the road it is positioned to watch.,food_and_comfort,
4fa9870a-3951-48ca-9f98-f1e8e273e3aa,,resources,harvest_shelter,mid,,,,"A stand of medicinal herbs beside a spring — athelas among them, unmistakeable to those who know it.","The spring is clean and the herbs are well-established, which means this ground has not been poisoned or disturbed recently. A gift from the road.",Taking a modest amount costs nothing. Leaving the plants rooted means they will be here for the next traveller.,Harvests what can be spared. Drinks from the spring.,care_of_living_things,
4ca7e0a3-effe-499e-9887-00820a0e23b7,,resources,observed_activity,low,,,,"A colony of beehives on the south-facing bank — tended hives, not wild, with the keeper's mark on the posts.",The keeper is not here but the hives are active and the marks are current. Someone is working these hives. The honey here is available for trade at whatever settlement owns the mark.,Road knowledge: honey at the next settlement is fresh and reliable.,Notes the keeper's mark. Continues.,care_of_living_things,
a7d8a484-61bd-4bb0-892a-09bdca08820f,,resources,observed_activity,mid,,,,"A fishery on the river — nets strung across a narrow, weirs directing the fish into a trapped pool. Nobody working it at this hour.",The equipment is good and well-maintained. The settlement that runs this fishery has enough people to do it properly and enough stability to maintain it across seasons.,Stability in the settlements means the road is safe. This is indirect evidence but it is evidence.,Notes the settlement's implied prosperity. Continues.,news_and_rumor,
f1086f27-74e0-4daf-89b9-ebe57e14f115,,resources,hinders_passage,mid,,,,"A logging operation across the road — felled trunks being moved by a team of men and horses, the road temporarily blocked while they work.",The foreman sees the traveller and raises a hand: ten minutes. He means it.,Normal commerce on a working road. The delay is genuine and brief.,Waits at the edge of the work. Watches the operation.,harvest_and_weather,
0228ae0a-a041-4892-a12f-0cae7580e758,,plants,scenery,low,,,,"The road runs through a long meadow of wildflowers — unmanaged, brilliant, the kind that grows where no one has ploughed for a generation.",Cornflowers and poppies and things that have no common name in this part of the world. The contrast with the road-stone is absolute.,A visual gift. Nothing else.,Notes the colour. Continues.,care_of_living_things,
77053995-9559-48e6-b682-783295c647ef,,plants,scenery,mid,,,,A dead zone — a stretch of fifty metres where nothing grows. The soil is dark and the ground is flat and the silence is the silence of absence.,"No visible cause. The trees on either side are healthy. The ground here has no rock, no water problem. Something made it stop supporting life.","Old battleground, perhaps. Or something was buried here. Or the shadow of something passed over it once and the ground remembers.",Does not investigate. Passes through it quickly.,what_stirs_in_the_dark,
e7441abe-5d59-4e9c-b123-4e327e28b2d1,,plants,observed_activity,low,,,,"A patch of Old Man's Beard covering a section of the treeline — the lichen that signals clean, wet air and old growth.",Old Man's Beard only grows in undisturbed forest with good air quality. Its presence here means this forest has been undisturbed for a long time.,The forest ahead is old. Old forest has its own rules.,Notes the lichen. Enters the forest accordingly.,care_of_living_things,
046cd08b-6907-4870-8a05-8bfe8ab60ee1,,plants,hinders_passage,mid,,,,"Thorny scrub has closed over the path — not a little, a wall of it, three metres high and clearly established over years.",The path has not been used in a long time. The scrub did not grow overnight. Someone stopped using this path and did not tell the map-makers.,There is a reason this path was abandoned. It might be as simple as a better road was built. It might not.,Does not force through the scrub. Looks for the reason the path was abandoned.,suspicion_of_strangers,
16da0758-2793-4bfe-9803-e4457e599a80,,plants,hinders_passage,high,,,,"The vegetation on both sides of the road has moved across it — not grown, moved. The stems are bent inward, not grown inward.",Something on the road is being closed off. The bending is recent — the stems are still green and supple where they cross the road surface.,"The Old Forest does this. Fangorn does this. If the traveller is in neither of those places, they should wonder what has learned to do it here.",Cuts back the closing stems with a blade. Moves through. Does not linger.,what_stirs_in_the_dark,
bcdf2c28-4c0c-4823-853c-e065fc49bbb6,,trees,scenery,low,,,,"An ancient oak at the road's turning — a landmark, clearly, its trunk marked with generations of travellers' initials and the occasional waymark cut.",The oldest initials near the base are worn to illegibility. The tree was a waymark before writing was common in this region.,It has been watching this junction for a very long time.,Adds nothing to the marks. The tree has enough.,old_grief,
506492aa-3e5b-4b2e-8de5-97397749a0cc,,trees,scenery,mid,,,,"The forest has changed — the canopy here is older and the trees are different in character. Not hostile, not welcoming. Simply ancient.",The oldest trees do not acknowledge travelers. They have been here too long to find travelers interesting. That is not the same as being safe here.,"Old trees have their own gravity. This section of forest pulls the road through it, not the other way.",Walks without stopping. Does not disturb the undergrowth.,old_grief,
a376c3b9-67ce-46dc-9fa3-aa548b45b0ba,,trees,observed_activity,mid,,,,"The trees in this section are breathing — not literally, but the movement of air through them is patterned in a way that suggests something other than wind.",The rhythm is approximately twenty seconds. The movement is coordinated across trees that are not touching each other above ground.,The roots are connected. What moves through one moves through all. The forest is aware of the traveller's passage in a way it has not been further back.,Does not stop. Does not make noise. Passes through without meeting the rhythm.,what_stirs_in_the_dark,
17652e32-e6bb-42c9-95a6-bf5b781309ad,,trees,hinders_passage,mid,,,,"A root has heaved across the road — not a new root, an established one, which has lifted and moved to the surface since this section of road was last maintained.",The root is as thick as a torso and the road-stone has been pushed up on both sides of it. The crossing is awkward but manageable.,The tree it belongs to is sixty feet back from the road. The root traveled a long way to get here.,Steps over the root. Continues.,care_of_living_things,
20052171-c161-43b8-a18a-1df68c109f8e,,trees,hinders_passage,high,,,,"The path through the forest has narrowed to nothing — not fallen trees, growing trees, their trunks moved close enough over years to close the gap.",This was a path once. The distance between the trunks was enough. Now it is not. The trees did not do this quickly.,Old paths close for old reasons. The forest chose to close this one.,Turns back. Finds the point where the path was still open. Chooses differently.,what_stirs_in_the_dark,
e4c8ba7d-f0d3-40c8-86d5-42fd80da2fbd,,flying_animals,sound_only,low,,,,"Ravens in the canopy — not one or two, a gathering. The specific quality of raven noise that means something dead nearby, or something about to be.","They are calling to each other, not at the traveller. The subject of their interest is further along the road.",Ravens know things. What they are gathered about is ahead.,Notes the direction of their attention. Continues toward it with awareness up.,news_and_rumor,
9436d082-a432-4156-9925-41057129f49c,,flying_animals,sound_only,high,,,,"A sound from above in the dark — not a bird in any normal category. Too large, the wingbeat wrong, the occasional sound between wingbeats suggesting a rider.",It is circling. The circle is centered approximately on the traveller's camp.,Fell-beasts have riders. The rider can see in darkness better than the traveller can.,Kills the fire. Does not move. Waits.,what_stirs_in_the_dark,
c63f8b5f-9829-4469-8a0e-2958bc9bdb4c,,flying_animals,glimpsed_far,low,,,,"Eagles above the pass — two of them, circling on the thermal above the high ground. Not hunting. Watching.","Great Eagles watch roads and passes with purpose. What they see they remember. What they decide to act on, they act on decisively.",They have registered the traveller. The registration is neutral. So far.,Continues. Does not make sudden movements.,care_of_living_things,
90f8a791-067a-4417-94f7-88ca03863cf4,,flying_animals,observed_activity,low,,,,"A murmuration of starlings over the marshland ahead — thousands of them, moving in coordinated sheets that bend and fold without colliding.",The murmuration is moving away from the direction the traveller is heading. Something in the marsh is driving them. Something changed there recently.,Birds in mass flight tell the story of what is below them.,Reads the direction of the murmuration's drift. Continues with that information.,care_of_living_things,
92017349-8c73-404e-9195-809171f8e6b0,,flying_animals,observed_activity,mid,,,,A hawk working the open ground beside the road — quartering back and forth in the systematic sweep of an active hunt.,It ignores the traveller completely. The hunt is genuine — it has a target below in the grass that the traveller cannot see.,A hawk hunting means the field is quiet. Nothing larger has disturbed it recently.,Notes the calm. Continues.,care_of_living_things,
5cb07cd0-6dc8-493e-a19b-05b7de15febe,,flying_animals,reacts_withdraws,mid,,,,"A large owl from a hollow in the road-side tree — disturbed by the traveller's passing, it drops from the hollow and beats away into the forest.","Larger than expected. The wingspan clears four feet. It does not call, just leaves, which is owls.",The hollow is empty now. The road is undisturbed.,Watches it go. Continues.,care_of_living_things,
71d1042e-bbef-42b4-81b2-3665ca343eaf,,water_animals,sign_only,low,,,,"Otter-slides in the mud bank beside the river — two lanes worn smooth into the clay, angled into the water.","Active, recently used. The clay at the bottom of the slides is still wet. A family group, by the size difference between the tracks.","Otters in good numbers mean the river is healthy — clean water, good fish, no upstream disruption.",Notes the health of the river. Continues.,care_of_living_things,
08e80be2-358c-466f-9f89-6527e5aca449,,water_animals,glimpsed_far,mid,,,,"Something large in the lake — a wake moving against the wind, no visible source, then gone.",The wake was V-shaped in the way of something swimming near the surface. The width of the V at its point suggests something perhaps eight to twelve feet long.,The lake looks still again. The wake did not come toward the shore.,Notes the direction it was moving. Does not swim in this lake.,what_stirs_in_the_dark,
e8935919-fba5-4b31-957f-6b0d726289bf,,water_animals,observed_activity,low,,,,Beavers working a dam upstream of the ford — the sound of them carrying and placing timber audible from the road.,The dam is new. The pond behind it is expanding. The ford below it will be shallower for the next few weeks as the pond fills.,Useful road knowledge: ford conditions changed upstream.,Notes the new dam. Adjusts the ford expectation.,care_of_living_things,
f053a3e3-c3a2-49df-b51e-0333969e75be,,water_animals,hinders_passage,mid,,,,"The ford is blocked — not by water level, by crocodiles. Three of them, sun-bathing across the shallows in positions that make crossing impossible.","They are not aggressive — yet. They are using the ford because it is warm stone and shallow water, which suits them perfectly. They will not move willingly.",Crocodiles at a ford are not a fight worth having. There is a boat crossing a mile downstream.,Does not attempt the ford. Finds the boat crossing.,care_of_living_things,
71fc3a30-9e89-4f1c-a877-c75beb5d0037,,water_creatures,sign_only,low,,,,"The fish are gone from this stretch of river — not a hook-point to be found, the banks empty of birds, the water simply empty.",Fish do not leave a stretch of water without reason. Something in this section of river drives them away or feeds on them until they are gone.,"The emptiness is recent — the bird-droppings on the rocks show last week's activity, nothing this week.",Does not fish here. Does not fill water from this stretch. Moves on.,what_stirs_in_the_dark,
065d0ce3-f96f-466e-9682-6bf3c95406f6,,water_creatures,glimpsed_far,mid,,,,"A shape under the surface of the deep pool at the river's bend — too large for any fish of this river, moving slowly along the bottom.",It turns at the pool's end and comes back. It has been doing this for some time — the silt at the bottom is disturbed in a regular pattern.,"Whatever it is, it is aware of the traveller at the bank. It has turned to parallel them each time they move.",Does not enter the water. Moves away from the bank.,what_stirs_in_the_dark,
bcefb91a-eb9d-463f-b1f2-c9bc75154447,,water_creatures,watches,high,,,,"The lake surface is still — completely still, in a wind that should be making it move.","The stillness is localized. Twenty metres out, where the water should be responding to the wind, it is flat and dark. Something below the surface is suppressing the movement.",The Watcher in the Water is a name given to things like this. The name implies others have been watched from the same bank.,Moves away from the lake's edge. Takes the high path.,what_stirs_in_the_dark,
e93a2bf5-c964-4b4d-9ccf-42f2c0ac3d1c,,reptiles,sign_only,low,,,,"Snake-track in the dust of the road — sinuous, continuous, freshly made, crossing from the sunny verge to the shade under the opposite hedge.","Moving in the mid-morning means it is warming up. Large, by the track width — perhaps four feet of snake, minimum. Not hunting, just relocating.",An active snake moving means the ground ahead is warm and undisturbed.,Steps around the track's crossing-point. Continues.,care_of_living_things,
b0494970-8986-41ff-93c2-dceaae5a67f6,,reptiles,glimpsed_far,mid,,,,A large snake on the warm rock above the road — visible because the sun catches its scales and it is not moving.,"Basking. The scale pattern is distinctive — a viper of the large southern variety, not the common small one of northern roads.",It will not move unless approached or disturbed. The gap between the rock and the road verge is sufficient.,Passes below the rock without approaching. The snake does not respond.,care_of_living_things,
c5df923f-16da-4c2d-9d29-d771520f4e1f,,reptiles,observed_activity,low,,,,"A dozen lizards on the sun-warmed stones of the road-wall — small, quick, disappearing into crevices as the traveller passes.",Normal. They are thermally regulating. Their presence means no large predator has disturbed these stones today.,Small reptiles in quantity on a sunny wall are a proxy for a calm stretch of road.,Notes the calm. Continues.,care_of_living_things,
41f2dbdb-792b-43ba-adb9-7e5feacf3322,,reptiles,reacts_withdraws,mid,,,,"A snake across the path, absorbing heat. It feels the vibration before it hears anything and is gone before the traveller reaches it.",Not aggressive — the fastest-moving thing the traveller will encounter all day and it is using that speed to disappear.,The path is clear. The snake is in the undergrowth watching.,Continues without incident.,care_of_living_things,
ab7b28e6-9418-45e9-a8f1-0ac17d948293,,insects,sign_only,low,,,,"Dumbledoors working the clover at the verge — large, unhurried, producing that specific sound that is halfway between a drone and a grumble.","Healthy meadow, no disturbance. The big bumble-bees are only this relaxed when the ground around them is undisturbed.",A quiet road ahead. The bees say so.,Continues.,care_of_living_things,
6ddc2925-1860-4e53-ace9-d3e854ea74ff,,insects,sign_only,mid,,,,"An empty nest on the road — a wasps' nest the size of a helm, freshly torn from the eave above. Recent disturbance.","Something pulled this nest down within the last few hours. The wasps have dispersed — most of them, not all. The stragglers are still around.",Something large enough to pull down a nest this size either wanted the grubs or didn't notice it. Neither is reassuring.,Gives the dispersed stragglers a wide berth. Continues.,care_of_living_things,
18df42c9-bca8-4935-80ef-e05a281a3da7,,insects,hinders_passage,mid,,,,"A swarm on the road — bees or wasps, moving as a single organism, crossing the road at exactly the worst moment.","The swarm is not aggressive. It is in transit, following its queen, completely occupied with itself. The road happens to be in the way.",Waiting is the answer. Three minutes and they are gone.,Stops. Waits at the road edge. Watches the swarm pass.,harvest_and_weather,
6261f906-20e1-47f2-8d63-4dbc5c897ba2,,insects,hinders_passage,high,,,,"Hummerhorns above the path — not a swarm, four or five scouts, which is the worst possible configuration: enough to alert the colony, few enough to be difficult to track.",They found something that disturbed them. The traveller or whatever the traveller is carrying. They are moving in the specific pattern that precedes summoning.,Three minutes before the colony arrives. Two of those minutes have already passed.,Moves off the path at ninety degrees. Fast. Downwind.,threat_and_jeer,
7e974812-07a8-4edf-af25-0c5a1843783b,,insects,observed_activity,low,,,,"Fireflies in the dusk meadow — hundreds of them, the cold green light rising and falling in patterns that seem almost deliberate.",This is normal and beautiful and means the meadow is healthy and the evening is quiet.,"The fireflies are the evening news: nothing alarming, air is clean, moisture is good.",Watches them for a moment. Sets up camp.,care_of_living_things,
bf8a4b0f-ffc1-44e6-91e4-19265d33e5bf,,other_animals,sign_only,low,,,,"Fox-sign on the path — a scatter of pheasant feathers and the distinctive sharp scent. Recently, in the last hour.",The fox was successful. A successful hunt means an undisturbed wood. The pheasant was moving normally until it wasn't.,Quiet road.,Continues.,care_of_living_things,
9df27aa8-2391-403e-8ab4-2e9a96c073d9,,other_animals,observed_activity,low,,,,"Squirrels working the beech-mast beside the road — industrious, unhurried, moving up and down in the canopy with the specific busyness of autumn storage.",Late season behaviour. The squirrels are hurrying because the season is shortening. The nuts are ready. The year is turning.,A calendar observation as much as a wildlife encounter.,Notes the season in the body rather than the mind. Continues.,harvest_and_weather,
6fd9ac1b-f80a-4b13-aac7-117d61bd4794,,other_animals,observed_activity,mid,,,,"A bear on the hillside above the road — foraging in the berry-scrub, aware of the traveller, not interested.",A bear that makes the choice to ignore a traveller is a bear that has made this calculation before and found travelers not worth the trouble.,"The indifference is a good sign. A habituated, well-fed bear in berry season is the least dangerous version of a bear encounter.",Continues at the same pace. Does not make eye contact. Does not run.,care_of_living_things,
be10e81d-96f4-4952-ac3c-8af340478c47,,other_animals,reacts_withdraws,low,,,,"Something large in the undergrowth — the sound of something heavy moving away fast, the branches shaking in a retreating line.","It was close enough that the traveller almost walked into it. Whatever it was, it wanted no contact as much as the traveller did.","The withdrawal was fast and clean. Whatever it was, it knew how to move through this undergrowth.",Waits for the shaking to stop. Continues.,care_of_living_things,
f295ac46-6227-41cf-81a4-caf6ff65ac17,,other_animals,reacts_withdraws,high,,,,"A grey ape — huge, shaggy, five feet at the shoulder — steps onto the path ten metres ahead, sees the traveller, and immediately turns and leaves.",The speed of its departure is surprising for its size. It was more frightened than the traveller.,"Something the traveller is carrying, or the shadow the traveller carries, read as dangerous to an animal that is not easily frightened.",Watches it go. Considers what it smelled.,what_stirs_in_the_dark,
2c08d738-771c-44db-b063-ba0ca27c13c5,,riding_animals,sign_only,low,,,,"Horse-sign on the road — shod hooves, three horses, moving at a canter heading south. Made this morning.","Shod means riders, not wild horses. Three horses at a canter heading south means a message or a patrol moving with purpose.","Three riders with a purpose, somewhere south on this road.",Notes the number and direction. Continues.,news_and_rumor,
69299021-61df-4c79-a280-4f9c50cbfce0,,riding_animals,glimpsed_far,low,,,,"Wild horses on the horizon — a small band, perhaps eight, moving in the specific unhurried drift of animals with no predator pressure and nowhere they need to be.",Free horses in good condition mean this land is currently safe. Wolves would have thinned them or changed their behaviour.,A useful read on the region.,Notes the condition of the horses. Continues.,care_of_living_things,
af2e455a-b521-485b-8098-ad085ca2c6f4,,riding_animals,observed_activity,low,,,,"A horse-herd at a water-hole — a dozen animals, mixed, the foals still close to their mothers. Unafraid of the road.","Habituated to road-traffic, which means this road is regularly used. Road-traffic means relative safety and commerce.",Active roads are safe roads. The horses confirm it.,Notes the herd's comfort. Continues.,news_and_rumor,
258aeb28-d009-49d1-b1f8-ea7ffd791d3b,,riding_animals,reacts_withdraws,mid,,,,"Wild horses that were grazing the road-verge scatter as the traveller rounds the bend — all moving upwind in a single line, which is the flight pattern of horses responding to something they have scented, not seen.",They scented the traveller before seeing them and decided the scent was wrong. Not predator-wrong — dark-wrong.,Animals read the shadow differently than people do. What the horses smelled is not visible.,Watches them go. Considers what they read in the scent.,what_stirs_in_the_dark,
962120e6-6973-4c6c-856a-eee823ddd568,,amphibians,sound_only,low,,,,"The marsh beside the road is loud with frogs — the full chorus of an undisturbed spring night, every pond and ditch contributing.",Frogs chorus when they are safe and the air is right. A full chorus means no snake or heron has disturbed this marsh in the last hour.,The marsh is clean and safe. The frogs are saying so loudly.,Notes the chorus. Uses the noise as a cover for their own movement.,care_of_living_things,
e0afca8c-d668-48c8-81df-ac99b2093dc9,,amphibians,observed_activity,low,,,,"Toads on the road in the rain — dozens of them, moving in the same direction with the specific purposefulness of migration.",Toad migration on a wet night means the road will be slow and careful or it will involve a great deal of accidental toad-murder.,The toads have priorities. The traveller is not among them.,Picks a way through without stopping. The toads ignore them.,care_of_living_things,
24864a26-f5ab-4b5b-9dcf-718dfae01879,,amphibians,hinders_passage,mid,,,,"The ford is active with frogs — thousands of them, breeding in the shallows, the water barely visible through the mass of movement.",Not dangerous. Deeply unpleasant to wade through. The frogs will be done in three days.,The ford is technically passable. Three days would be better.,Considers the three-day wait against the alternative. Wades.,harvest_and_weather,
9aa81891-5eba-4955-b233-2bc44caf8ebd,,humans,brief_exchange,low,,gondorian,,"A woman at a farmstead gate — she stops what she is doing when the traveller passes, neither welcoming nor unwelcoming.","She asks which road the traveller came from — not curiosity, she is waiting for someone from that direction and the traveller is not them.",She will not say who she is waiting for. The question is whether the traveller saw anyone on the road behind them.,Names the road. Describes who was on it. Lets her draw her own conclusions.,news_and_rumor,
bef67f41-fe15-42d4-852f-367588e13df8,,humans,brief_exchange,mid,,gondorian,,"A man on the road moving fast in the opposite direction — he slows when he sees the traveller, just enough to exchange a word.","He says the eastern garrison road is being watched — not by soldiers, by something else, and he cannot say more clearly than that. He does not stop.",He is frightened enough to keep moving but not so frightened he said nothing.,Notes what he could not say clearly. Takes the western road.,suspicion_of_strangers,
dfa760b2-77d7-4b36-9933-0636af2cf4c4,,humans,brief_exchange,high,,gondorian,,"A group of three at a wayhouse fire — Gondorian by their dress, quiet in the way of people who have been quiet for several days.","They came from Minas Tirith three weeks ago on a courier errand. The errand is done. They are not going back yet, which they will not explain.",Three Gondorian couriers who have finished their errand and are not returning is an unusual configuration.,Sits at the same fire. Does not ask the question directly.,suspicion_of_strangers,
af15eaef-6829-43b2-817a-fac3067718d5,,humans,brief_exchange,low,,northman,,"A horseman who has dismounted to check a shoe — he raises a hand when the traveller passes, the universal greeting of someone with their hands occupied.",He asks if the traveller saw any wolf-sign on the southern road. His flock was hit two nights ago and the track led that way.,A single wolf taking from a flock is normal. A wolf that moves south after is unusual.,Tells him what the southern road looked like.,care_of_living_things,
892c635d-bef6-46d0-8a86-5615fb9f91da,,humans,brief_exchange,mid,,northman,,"Two of them at a ford — they check the traveller with a quick professional assessment that is not unfriendly, just thorough.","They are running a circuit for a local lord and they want to know what the road east looks like. They share: the road west had fresh Orc-sign two days ago, above the tree-line.","Orc-sign above the tree-line means scouts, not raiders. Scouts report back.",Trades road information. Takes the Orc-sign.,news_and_rumor,
0bfde741-afc4-46c7-9fdf-1736dcf23764,,humans,brief_exchange,high,,northman,,"A lone rider on the road, moving at a walk, which is wrong — a Northman on a road at this hour should be moving faster.","His horse is tired and so is he and he has been riding for two days with minimal sleep. He is carrying something he will not describe, to someone he will not name, and he needs to know if the road ahead is clear.",The urgency and the secrecy are both real. What he is carrying is important enough to exhaust both horse and rider.,Tells him what the road ahead looks like. Does not ask what he is carrying.,suspicion_of_strangers,
4ab51e4a-4649-4d2a-a000-9b10c519e541,,humans,brief_exchange,low,,dunadan_north,,A man on the road with the particular self-contained manner of someone who has been walking alone for a long time and has stopped expecting company.,"He is going to Bree. He has been going to Bree for eleven days, which means he started from somewhere far enough north that few people go there voluntarily.","Men coming south from the deep north are either Rangers, refugees, or carrying information. He does not look like a refugee.","Asks where north he started from. Gets a careful, partial answer.",where_are_you_bound,
d7a54a3c-9e2c-4d8d-a62c-f06eb2a138c4,,humans,brief_exchange,mid,,dunadan_north,,"A woman at a crossroads, reading a posted notice nailed to the waypost. She looks up when the traveller arrives.","The notice is a missing-person notice — a man, forty years, last seen on the Weather Hills road three weeks ago. She says she knew him. She says this in the past tense before catching herself.",The past tense is involuntary. She already knows he is dead. The question is how she knows.,Reads the notice. Asks if she filed it.,old_grief,
3858bc13-8ff9-4736-aab7-cae47506d285,,humans,brief_exchange,high,,dunadan_north,,"He steps out of cover — not threateningly, but he was in cover and now he is not, which is its own message.","He is a Ranger running a circuit that should have had three men. The other two have not reported back in six days. He is continuing the circuit alone because the circuit must be run, not because it is a good idea.","A Ranger continuing a three-man circuit alone, on day six of silence from his partners, is a man running on duty and not much else.",Tells him what the road has looked like. Asks if he wants company for the northern section.,news_and_rumor,
d1417f6c-be87-414e-9913-31ce066b35ee,,humans,brief_exchange,low,,dunlending,,A clan-man on the road with a pack-load of something he is not advertising. He eyes the traveller steadily.,He is moving between clan-holds and he has business that is his own. He will trade road-news but nothing else.,"The pack is heavy and he is not making detours. Whatever he is carrying, the destination is specific.",Trades road-news. Does not ask about the pack.,news_and_rumor,
ea08fcfe-410a-4833-a5f3-c7735e79847d,,humans,brief_exchange,mid,,dunlending,,"Two of them at a fire off the road, who watch the traveller approach without invitation or hostility.","They let the traveller come to the fire because the night is cold and they are Dunlendings, not animals. One of them speaks enough Westron to communicate. He says the road north of the river is being watched by men he does not recognise.",Men watching roads who the Dunlendings do not recognise are a category worth paying attention to.,Asks what manner of men. Gets a description that is sparse but accurate.,suspicion_of_strangers,
34b7ca21-091a-4068-9a13-e6a0a8ec578e,,humans,brief_exchange,high,,dunlending,,"A woman on the road — elderly, moving with the specific deliberate pace of someone who does not hurry because she has not needed to hurry in a long time.",She is a clan-healer making a circuit of the outlying steadings. She looks at the traveller with the diagnostic attention of her profession and says: you have been carrying something heavy for a long time.,"She means the shadow, not the pack. She does not know the word shadow but she can read its signs.","Agrees that yes, the road has been long.",old_grief,
ca9b8fef-bfbb-41f9-a417-c8da79e999f2,,humans,brief_exchange,low,,coastal,,"A sailor off a river-boat, killing time at a wayhouse while the boat is loaded. He is relaxed and conversational in the way of men who spend most of their time in small spaces with the same people.",He has been running the river between Pelargir and Harlond for twelve years and he knows every sandbar and garrison and toll-point on it. He will tell you anything you want to know about the river in exchange for news from inland.,He has not been inland in months. He is genuinely curious.,Trades inland news for river news. Gets more than was given.,news_and_rumor,
2bf19ef1-5ee2-44df-835e-d1fda51052b5,,humans,brief_exchange,high,,coastal,,A man at the harbour-side who looks at the traveller for a moment too long before looking away.,"He is watching for someone. The description he was given is close enough to the traveller that he checked, then ruled it out. He relaxes fractionally.",Someone is being looked for on this waterfront. The traveller almost matched the description.,Notes the look and the relaxation. Files the encounter.,suspicion_of_strangers,
ef83b9e2-2904-4485-850c-d00c1535e0b9,,humans,brief_exchange,low,,wild,,"A tribesman on the high path, carrying game — he stops when he sees the traveller and waits to see what happens next.","He does not speak Westron well but the gesture language of the road is universal. He shows the road ahead: one finger, then a horizontal gesture, then both hands moving apart. One road, a split, choose.",He knows which fork to take. He is deciding whether to share that with an outsider.,Waits. Does not press. Lets him decide.,where_are_you_bound,
44c1991a-1b82-484f-90dd-aa61233a53c0,,humans,brief_exchange,mid,,wild_mountain,,"A mountain-man at a spring, filling a skin. He looks up without alarm — he heard the traveller long before they arrived.","He says, in accented but serviceable Westron, that the pass ahead had fresh rockfall three days ago. Still passable, but one section is unstable and loud — anything large moving under it risks more fall.",He chose to pass this on. Mountain-folk do not waste words on strangers without reason.,Asks if there is a way around the unstable section.,harvest_and_weather,
338b3057-c4c3-48de-92fa-fb7f7e1328a4,,humans,brief_exchange,low,,enemy,,"A garrison soldier at a checkpoint — bored, following procedure, not hostile.",He checks for papers. The check is real — he records what he finds in a ledger. He does not explain what the ledger is for.,The ledger is the problem. The information in it goes somewhere.,Provides what is required. Notes the ledger.,where_are_you_bound,
a0078a09-cb1b-42b6-ac80-83834bb4fafc,,humans,brief_exchange,high,,enemy,,He comes out of a building alone to intercept the traveller before they reach the main road. This was coordinated.,He says: someone wants to speak with you. He says it in a tone that makes clear the want is not a request. He does not say who.,The coordination means the traveller was identified before they arrived here. The route was anticipated.,"Asks who. Gets a title, not a name.",suspicion_of_strangers,
5012f41e-8c19-4496-829d-f44476f2a481,16a77606-bcf7-4062-af0f-e25b048ae8c2,humans,brief_exchange,low,,,,"A knot of villagers at a well — they go quiet when the traveller approaches, then resume when the traveller is obviously not a threat.","One of them, bolder than the rest, asks where the traveller is coming from. The question carries the specific anxiety of people waiting for news from a direction they are watching.","They are waiting for something. The traveller is not it, but might know something about it.",Names the road. Gives the road-news. Watches the anxiety resolve or deepen.,news_and_rumor,
159c944a-eadb-45e6-b518-581bd7bb67e5,16a77606-bcf7-4062-af0f-e25b048ae8c2,humans,brief_exchange,mid,,,,A woman drawing water who looks at the traveller with the frank assessment of someone who has seen enough travelers to read them quickly.,"She says the village headman wants to speak with anyone coming off the northern road. She says this without urgency — it is a standing request, not an emergency.",A standing request means it has been standing for some time. Something on the northern road is being tracked through traveler reports.,Asks if this is about a specific event or a general watch.,suspicion_of_strangers,
7fd311be-3d8c-4e49-a624-4a634081a994,16a77606-bcf7-4062-af0f-e25b048ae8c2,humans,brief_exchange,high,,,,A group outside a farmhouse who watch the traveller pass with the still attention of people who have been told to watch.,One of them calls out: which road did you come from? They want to know if the traveller saw anything on the road that would explain the smoke column visible to the north this morning.,Smoke to the north that nobody can explain and a village watching the road with attention is a village that already suspects something.,Tells them what the northern road looked like.,what_stirs_in_the_dark,
7c6adbfd-7b5e-483f-a952-0a94337537c1,c45fe0fe-a440-470f-8bd3-a99b0e8a61c6,humans,brief_exchange,low,,,,"Four soldiers on the road — not blocking it, standing at the side in the manner of a patrol that has stopped to check something.","The sergeant asks the traveller for the road they came from and anything notable they saw. The question is standard patrol procedure, delivered without threat.",The procedure is real and the sergeant is competent. The answer will be recorded and reported.,Gives the honest road report. Notes what they are specifically interested in.,news_and_rumor,
b160eeba-ef2b-4a50-ad75-91e164a3c36b,c45fe0fe-a440-470f-8bd3-a99b0e8a61c6,humans,brief_exchange,mid,,,,"A patrol at a crossroads — six, in reasonable order, the sergeant studying a section of the road with more attention than the road warrants.","They are tracking something on this road. The sergeant looks up, assesses the traveller in two seconds, and asks: how long ago did you pass through the valley?",They are following a trail. The traveller may have been on the same road as whatever left it.,Names the time. Describes what was on the road. Lets the sergeant connect what he connects.,suspicion_of_strangers,
18bec08e-a489-488c-918a-de4bc5f08c9f,c45fe0fe-a440-470f-8bd3-a99b0e8a61c6,humans,brief_exchange,high,,,,"A patrol blocking the road — not aggressively, but completely. The sergeant comes forward alone.","The road is closed ahead. He says this once, clearly, without explanation. He is following orders he may not have been given the full reason for.",A road closure with no explanation means the reason is either classified or unknown to the sergeant himself.,Asks when it will reopen. The sergeant does not know.,suspicion_of_strangers,
6f28ff13-c880-4596-a628-a08cc86e8f5c,c45fe0fe-a440-470f-8bd3-a99b0e8a61c6,humans,confronts,mid,,,,A patrol that has identified the traveller as a specific subject of interest — the formation changes when they see them.,The sergeant has a description. He reads it off a written order. The description matches closely enough that he is obligated to detain the traveller for questioning.,The sergeant is not hostile — he is following procedure. The procedure may lead somewhere the traveller does not want to go.,Does not run. Asks to read the order.,interrogation,
56d65548-18a6-42cc-8462-c5a49d1c40eb,c45fe0fe-a440-470f-8bd3-a99b0e8a61c6,humans,confronts,high,,,,"Eight of them, and the sergeant has sent two around the back of the traveller before speaking. This was planned.",They are looking for someone specific. The traveller is the closest match they have found. The sergeant is professional enough to want confirmation before acting.,The question that confirms or denies will come. The answer determines what happens next.,Answers the confirmation question honestly. Watches the sergeant decide.,suspicion_of_strangers,
a55bbc9f-b1ec-43ba-b53f-6f7134740658,c45fe0fe-a440-470f-8bd3-a99b0e8a61c6,humans,sign_only,low,,,,"Boot-prints on the road — military-pattern boots, six sets, moving in loose formation heading east. Made this morning.",A patrol heading east at dawn on this road. Their spacing is correct and their stride is even. A disciplined patrol on a purpose.,The purpose that takes a disciplined patrol east on this road at dawn is worth knowing.,Notes the direction and discipline. Continues.,news_and_rumor,
dc3eb41a-187b-45c1-89ef-def83aa873f0,c45fe0fe-a440-470f-8bd3-a99b0e8a61c6,humans,observed_activity,low,,,,"A patrol visible on the ridge above the road — moving parallel, watching the road below without interacting with it.","They are not on the road. They are above it, watching it. This is either overwatch for something on the road or they are watching for something they expect to come down from above.",Patrols above roads watch the road. What they are watching for is the question.,Continues on the road. Does not look up for more than a glance.,suspicion_of_strangers,
ecf5efe3-86e9-47ad-bc48-e7df68ea28f6,003f58d5-cd79-4a70-82a4-5b86b1581610,humans,brief_exchange,low,,,,"Three of them on the road — armed, watching. The one in front has the bearing of someone who has been appointed to speak.","He asks what the traveller is carrying and where they are going. The question is territorial — this is Dunlending land and he is exercising that fact, not starting a robbery.",The distinction between a territorial question and a robbery depends entirely on the answer.,Names the destination. Names the load honestly.,suspicion_of_strangers,
ecef4115-a1e9-41cf-affb-44719a055ccf,03d5c707-30d6-4ba6-87f5-df56cf6f8cfb,humans,brief_exchange,low,,,,"A small group at the road's edge — Easterlings, by their dress and gear, far enough west that they are watching every approach carefully.","One of them speaks rough Westron. He wants to know which power holds this road — who patrols it, whose authority it answers to. He is asking because he does not yet know, and he needs to.","An Easterling far west of his usual range who does not know who holds the road is either a scout, a refugee, or both.",Names the nominal authority on this road. Watches how he receives it.,where_are_you_bound,
c883f683-0985-4398-8a57-c2d41cbd5f7b,193fc0a9-85c6-49bf-af26-4bfbbf67b942,humans,brief_exchange,low,,,,A man on the road who adjusts his route to intersect the traveller's in a way that looks accidental and isn't.,"He asks, conversationally, if the traveller saw any patrol activity in the last valley. He phrases it as casual curiosity. It is not.",He is checking whether the road behind the traveller is clear. The reason he needs it clear is not stated.,Names what was on the road behind. Does not ask why he wants to know.,suspicion_of_strangers,
0964152f-5fac-4f17-9706-3197fcf1f000,d18fcd08-da18-4540-b5c6-7b8eff81e448,humans,brief_exchange,low,,,,"One of them, separated from a larger group, on the road with the easy manner of someone who has decided that appearing dangerous is more useful than being dangerous right now.","He asks if the traveller needs a boat. He says it like an ordinary commercial offer. He has a boat, the boat is going south, and he has room.","A Corsair offering a boat to a stranger on a road is offering something, but it may not be transportation.",Declines politely. Watches which way he goes to report back.,aid_or_trade,
05125450-86f5-4ed3-8114-bda723ad874f,b1c804af-e57a-4bb1-904f-3247e5506027,humans,brief_exchange,mid,,,,Two of them at a wayhouse who make room at the fire without being asked and without warmth — the courtesy of people who follow rules about hospitality even when they do not feel them.,"One of them says, unprompted, that the eastern road is closed three days out. He says it as information, not as a warning. The distinction is deliberate.",Variags do not share information without reason. The reason here is not stated.,Thanks him. Asks what is on the eastern road.,news_and_rumor,
08ab9ccf-508d-4a4e-a3c9-7dde3144a434,,humans,brief_exchange,high,,,,"One of them on the road alone — unusual, since they generally move in pairs at minimum. He looks at the traveller with the assessment of someone deciding whether to be bothered.",He says he is looking for someone. He describes that person in enough detail to be deliberate — the description is a message to anyone who knows the person described.,"The description may or may not match someone the traveller knows. If it does, the message is clear. If it doesn't, it is still a warning about what is being hunted on this road.",Listens to the description. Gives nothing away.,suspicion_of_strangers,
18cc1eff-fb8f-4834-87d4-c7a4f32b0899,9d10d07f-a90b-4693-9013-9c1dde5e199e,humans,brief_exchange,mid,,,,"A small Sagath party who intercept the traveller at a ford — not aggressively, using the ford as a natural chokepoint for a conversation.",Their leader asks where the traveller is going and whether they have seen Gondorian military movements on the road. The question is intelligence-gathering and they are not being subtle about it.,"They are collecting information about Gondorian movements. They are doing it in the open, which means they are either very confident or very visible for a reason.",Names the destination. Describes the road honestly without counting soldiers.,news_and_rumor,
509e2745-6f88-4477-94ee-32f4f078e9d6,a2dd5045-97d5-4ee9-b6b5-db32b00378ea,humans,brief_exchange,low,,,,"One of them on the road inland, out of context — sailors have a way of carrying the sea with them that makes them visible on land roads.",He is looking for a specific inn and is comprehensively lost. The combination of competence at sea and helplessness on land is genuine and oddly disarming.,A pirate lost on a road is still a pirate. The helplessness may or may not be the whole story.,Gives him directions. Notes which direction he was actually heading before asking.,where_are_you_bound,
e3e51857-c27a-4de8-aba7-722f560c4f0f,,humans,brief_exchange,low,,,,"A man on the road who greets the traveller with easy friendliness — too easy, the kind that is practised.","He is running a quick read of the traveller: what are they carrying, where are they going, are they alone, what are they worth. The conversation is the read.",He is deciding. The decision is not yet made.,Gives nothing useful. Keeps moving.,suspicion_of_strangers,
c2faee22-9951-4de3-8716-61c11fbae44b,b7757f56-109f-4cfb-bb1e-4e5b8000ff86,humans,brief_exchange,low,,,,"One of them on the path — visible, which is unusual. He is watching the traveller directly.","He says, in rough Westron: you are going wrong way. He does not elaborate. He points, once, in another direction.","The Woses know this forest better than anyone. If he says the way is wrong, the way is wrong.",Asks what is wrong about it.,care_of_living_things,
200573f0-0102-48cc-aa66-06536f86dc3c,b7757f56-109f-4cfb-bb1e-4e5b8000ff86,humans,brief_exchange,mid,,,,"Two of them appear from the undergrowth at the forest edge — not threateningly, but without any attempt at subtlety either.","One of them holds up three fingers, then points down the road, then makes a slow closing gesture with his hand. Three of something on the road ahead, waiting.",He chose to warn the traveller. That is not nothing from a Wose.,Asks with gestures: what kind of three?,suspicion_of_strangers,
0c963fb6-d8c1-40ae-a2db-42e2e214c95f,,trolls,attacks,mid,,,,"It comes around the bend in the road already moving — no warning, no posture, simply in motion toward the traveller.","A Hill-troll, running. The stride covers eight feet. It is not angry — it is hungry, which is more dangerous because hunger has no off-switch.",Fifteen seconds to impact at this closing speed. The road has no cover on either side.,Moves off the road. Does not run on it.,threat_and_jeer,
6f34d86c-c5df-4595-a228-6a3d6e9f8132,,trolls,attacks,high,,,,"Three of them, from three directions simultaneously. This is not coincidence.","Stone-trolls coordinating an ambush means someone organized them, or they have done this before and learned. The three directions close all obvious exits.",Three Stone-trolls who understand tactics are qualitatively different from three Stone-trolls who argue about cooking.,Does not freeze. Identifies the weakest corner. Moves toward it.,threat_and_jeer,
990d84f4-d138-44cf-880e-0db4e5c2ae29,,orcs,attacks,mid,,,,"An arrow from the treeline — not a miss, a ranging shot, telling the traveller that they are within range and the orcs know it.","A ranging shot before the attack means they want the traveller to stop, which means they want the traveller alive. That is both better and worse than a kill-shot.",The next shot will not be a ranging shot.,Does not stop. Does not run straight. Moves toward the nearest cover at an angle.,threat_and_jeer,
15c14f13-8bbe-4c24-be96-2f07054d35c4,,orcs,attacks,high,,,,"They come out of the dark on both sides of the road — too many to count quickly, too coordinated to be a random patrol.",This is an ambush set specifically for this road at this time. Someone told them the traveller would be here.,The ambush was prepared. That means information was passed. The traveller was tracked or betrayed before this road.,Does not think about the implications now. Survives first.,threat_and_jeer,
721d8397-bffb-4f49-b7e0-00389579b630,,undead,attacks,high,,,,"It does not approach — it is simply closer than it was, without having moved in any observable way.",Barrow-wights do not chase. They close distance in the moments when the prey blinks or looks away. The gap between them is now half what it was.,Looking at it directly does not stop it. Not looking at it is worse.,Keeps it in sight. Moves toward open ground where the air is different.,old_grief,
f3332d07-c333-470a-914a-edd47210d4b0,,giant_spiders,attacks,mid,,,,"A strand of web across the path that was not there a moment ago — anchor-line, thicker than a finger, at throat height.","The web appeared because something moved above the canopy to place it. The spider is above, not on the ground. The anchor-line is not a trap — it is the beginning of one.",Two seconds before the next strand drops.,Ducks under it. Runs. Does not look up.,threat_and_jeer,
4ab1cf38-e3fe-4b4e-b98b-11b72cafdeb5,,giant_spiders,attacks,high,,,,"The path behind is sealed. At some point while moving forward, the way back became web — strong, anchored, impassable without a blade.","This was done quietly while the traveller was watching ahead. The spider — or spiders — sealed the retreat first, which means they intend to take their time.",The way back requires cutting through. The way forward may be equally closed by now.,Does not attempt to cut through. Cuts at an angle toward the least-dense section of the forest.,threat_and_jeer,
571f5dd2-9e06-4838-ba7e-eded9308b6f8,,demons,attacks,high,,,,"The temperature drops ten degrees in two steps — not weather, localized, wrong. The darkness ahead is darker than the darkness behind.","Something is standing in the path. It is not visible so much as the absence of everything else — light bends around it, sound drops out, the air pressure changes.",Running is the wrong answer. Running is what it expects.,Stops. Does not look at it directly. Identifies the strongest light source available and moves toward it.,what_stirs_in_the_dark,
d9a6563b-d055-4bfa-a12e-a461a3962b00,,water_creatures,attacks,mid,,,,The ford feels different underfoot — the bottom that was firm on the first step is shifting on the second.,Something below the surface has changed the bottom. The ford is being unmade from underneath while the traveller is crossing it.,The centre of the ford is now above whatever is moving below. The banks are twenty feet in either direction.,Does not stop moving. Reaches the bank before the shift completes.,threat_and_jeer,
2043ca0d-5e57-4351-8e2d-008afe1cf9e3,,water_creatures,attacks,high,,,,"An arm from the water — wrong proportion, too many joints, too long — closing around the nearest ankle.",The Vodyanoi does not surface. It reaches from depth. The grip is cold and strong and it is already pulling.,The water is its element. The bank is three steps away.,Drives the nearest hard object into the grip. Makes the three steps.,threat_and_jeer,
0b785a37-66d7-4cdd-8f2b-56a5ad1a2c64,,drakes,attacks,mid,,,,"No warning. It was on the rock above and now it is not, and the shadow passes over before the sound of the wings reaches the ground.","A drake stooping from height covers the distance in under two seconds. The first pass is a grab-and-rake, not a breath-weapon — it wants to assess what it has before committing to more.",The first pass determines whether there is a second.,Moves perpendicular to the approach vector on the first pass.,threat_and_jeer,
60000ba7-aaf5-4c9c-ae3b-9b5699180953,,undead,drifts_closer,mid,,,,"It is closer than it was. This is the only way to describe what happened — nothing was observed, no movement was registered, it is simply closer.","A barrow-wight or bound ghost closing distance is not moving in any physical sense. It is the distance that changes, not the entity. This makes it deeply difficult to respond to conventionally.",Looking away is the mechanism. Keeping it in continuous sight may not be possible.,"Does not look away. Does not blink. Moves toward the nearest threshold — a door, a crossroads, running water.",old_grief,
78c9a325-3ebe-484e-8dd2-2e53f034af5e,,undead,drifts_closer,high,,,,It has been following for three hours. Not approaching — following. The distance has been constant. Until ten minutes ago.,"Whatever changed ten minutes ago, the undead thing behind the traveller felt it and acted on it. Shadow rising, energy falling, the traveller weakening in some way that the dead can read.",It has been patient for three hours. Its patience has run out.,Does not run. Running is its preferred prey-state. Stops and faces it.,what_stirs_in_the_dark,
c19f557d-f0d5-484c-960d-c382b5553c83,,undead,presence_felt,mid,,,,"The barrow is sealed. There is nothing visible. But the air near it costs something to breathe — not physically, in another sense that has no precise name.",Barrows sealed by Dúnedain ward-work do not leak. This one is leaking. Whatever is inside is old and the warding has weakened.,The leaking is recent. The warding held for decades before now.,Does not stop near the barrow. Increases distance from it. Notes it for whoever should know.,old_grief,
2321d8ea-ab71-4e36-b88c-065aa0ef428c,,undead,presence_felt,high,,,,"The Nazgûl does not pass close enough to be seen. But the shadow it casts moves ahead of it, and the shadow reaches the traveller before the Nazgûl does.","A cold that is not temperature, a silence that is not quiet, and then the shadow — moving against the light, independent of the source, touching everything it passes over.",The shadow notices what is in it. The traveller is in it.,Does not move. Does not draw attention. Waits for the shadow to pass.,what_stirs_in_the_dark,
c11938de-3d07-4ace-b968-ce78a28bc6c6,,trolls,sign_only,low,,,,"A snapped tree beside the road — not wind-snapped, the break is clean and the trunk has been moved, not fallen.",Something used this tree as a handhold or a lever. The size of the break and the displacement suggest something very heavy moving through here in the dark.,The tree was healthy. Whatever broke it did so without effort.,Notes the break-height. Notes the direction of travel. Continues.,news_and_rumor,
ebb7b1b3-97b6-4308-8e3a-db5ae549c2db,,trolls,sound_only,low,,,,From the valley — the sound of large rocks being moved. Not rockfall. Deliberate.,"Trolls stack rocks. Hunting caches, territory markers, the beginning of crude shelters. The activity is purposeful. There is at least one of them in that valley doing something intentional.",The valley is between the traveller and the next road section.,Waits until the sound stops. Gives it another ten minutes. Takes the ridge route.,news_and_rumor,
2a325d02-35d1-4f03-b1d5-9aee6f0b3f8b,,trolls,glimpsed_far,low,,,,"On the hillside above the road at dusk — a shape too large for any man, moving with the slow certainty of something that does not expect to be challenged.",A Stone-troll on open ground in the last light before dark. It is going somewhere specific — the stride is purposeful. The road below it is where the traveller is standing.,Trolls are active at night. Dusk is the beginning of their day.,Moves off the road before the light fails. Camps away from the road.,threat_and_jeer,
42b23029-9d78-43cf-9ff7-d32bb70a286e,,orcs,sound_only,low,,,,"Drums, distant — the specific rhythm of Orc military communication, not celebration.","The rhythm is a signal, not music. It repeats four times, stops, resumes. A call-and-confirm pattern. Someone sent a message and someone confirmed receipt.",Military drum communication means organized forces. Organized forces on this road means they know the road.,Notes the direction. Counts the repetitions. Adjusts the route.,news_and_rumor,
ce33d53f-25c1-4db8-aea6-33a84c353590,,orcs,glimpsed_far,low,,,,"A patrol visible on the far ridge — dark shapes against the sky, moving in single file. Counted: eight.",Eight Orcs on a ridge at midday means either they are confident this ground belongs to them or they are moving fast enough that concealment is secondary to speed.,Eight Orcs moving confidently on a ridge in daylight is a message about who controls this ground.,Does not skyline. Stays in the valley-bottom until the patrol is out of sight.,suspicion_of_strangers,
cbc2e1eb-1d7e-40d9-bdab-0f325774f55a,,orcs,stalks,mid,,,,"The sign has been there for an hour — the same set of prints, keeping pace. Not running, not closing, just there.","One Orc tracking a traveller without closing is a scout, not a raider. It is maintaining contact and reporting position.","Somewhere ahead of or behind the traveller, the scout's information is being received.",Changes route unpredictably. Tests whether the shadow follows the change.,suspicion_of_strangers,
3b17a92b-0135-4d05-a488-70e77787bdd3,,carnivores,sound_only,mid,,,,"A howl — not nearby, a mile or two, but answered within seconds from a different direction.","Call and response. Two wolves at minimum, coordinating. The calls establish position relative to something — probably the traveller on this open road.",Wolves that call to each other about a moving target are hunting it. The calls were honest about the direction.,Moves toward the nearest cover. Builds the fire larger than usual tonight.,threat_and_jeer,
08be085c-a486-4a77-9f56-d5c59d7b8c58,,carnivores,glimpsed_far,low,,,,"A wolf on the ridge above the road — visible because it is sitting and watching, not because it moved.",It has been there for some time. It registered the traveller's approach far enough back that it was already settled when the traveller came into view.,A single wolf watching a road from a ridge is either a scout or an individual with a territory claim on this road.,Notes it. Does not stop. Keeps moving.,care_of_living_things,
1e14d589-fb9c-470c-bd8a-817fef5006e8,,carnivores,reacts_withdraws,low,,,,"A wolf in the road ahead — it sees the traveller and leaves. Not flees, leaves. At a steady trot toward the treeline.",A wolf that chooses to leave rather than test an encounter has made a calculation about the outcome. The calculation went in the traveller's favour.,The wolf went into the trees. It did not go over the ridge.,Notes which side of the road it entered. Continues without relaxing.,care_of_living_things,
49c4cc3d-bc5c-4bb9-8074-f66d5a1d0f8a,,elves,glimpsed_far,low,,,,"A shape in the canopy above the path — not a bird, moving too deliberately, from branch to branch without sound.",An Elf moving through the canopy in the direction the traveller is heading. Not following — preceding. Moving ahead on a parallel path.,Elves who move ahead of travelers on their roads are either escorting them or evaluating them. The distinction becomes clear when they stop.,Continues on the path. Does not look up again.,weighing_the_heart,
b52acf38-96aa-49e9-a26a-b1324bdd5835,,elves,glimpsed_far,mid,,,,"At the forest edge, for a moment — standing, watching the road, then gone between one blink and the next.",A Silvan Elf at the wood's edge is either a border-watcher or someone who came to look at something specific on the road. The watching was deliberate and the departure was deliberate.,It saw what it came to see. The traveller may or may not be what it was looking for.,Notes the direction it faced. Notes where it was standing on the boundary.,weighing_the_heart,
04965f25-03aa-48ec-92d9-b0ec8ad45341,,elves,watches,mid,,,,The forest is being watched. Not the traveller specifically — the whole section of road. From multiple points.,Silvan border-watch. Three separate positions visible only because the light shifted. They have been watching this road for some time and they are watching it now.,The watch means the forest has reason to watch this particular road at this particular time.,Continues on the road. Does not enter the forest.,weighing_the_heart,
fbab3d19-a8a6-4e03-a8a7-b5e30784f2d7,,dwarves,sign_only,low,,,,"Survey marks cut into the rock face above the road — fresh chisel-work, specific angles and depths that are not decorative.",Dwarven survey-marks mean a Dwarven survey team has been through this area recently. The marks will tell a Dwarven geologist about the rock composition and the depth of a potential shaft. They are probably still in the area.,Survey teams precede mining operations. Mining operations change roads.,Notes the marks. Continues.,craft_and_gold,
229df95e-2c80-4cda-8d3f-a6a5ba4aa6f0,,dwarves,glimpsed_far,low,,,,"A Dwarven caravan on the road ahead — four ponies, two wagons, moving at the pace of heavily loaded animals.","Trade goods heading somewhere with value. The escort is three Dwarves visible, probably more not visible. They are not going to be robbed and they know it.",Heavily loaded Dwarven caravans move on roads they consider safe. Their presence is its own assessment of the route.,Passes them with a nod. Notes what the road looks like to creatures who have been on it longer today.,news_and_rumor,
d0ad3d17-2737-41df-9627-9f28270b5d4d,,dwarves,observed_activity,low,,,,"A Dwarven camp off the road — organized, fires banked, the tools and equipment of a working party rather than travelers.","They are doing something in this location deliberately — surveying, mining, repairing a structure, or marking territory. The equipment determines which.",Dwarves working in a specific location have a purpose for that location. The purpose shapes how they will respond to the traveller.,Approaches openly. Does not enter the camp without invitation.,craft_and_gold,
d025bf18-9e22-4ad8-8197-a38bbc37b852,,maiar,observed_activity,low,,,,"The birds are behaving strangely — not frightened, organized. Moving in a specific direction in species-groups, as if something has asked them to.",Radagast moves through this region periodically and the creatures know it. What the traveller is seeing is the aftermath of a Maia's passage — the wood responding to him.,He was here recently. He may have left for a reason or he may return.,Notes the direction the birds are moving. Considers whether to follow the same direction.,care_of_living_things,
3d787249-2b2f-4aa4-9973-1006bdb6ba47,,maiar,observed_activity,mid,,,,"A column of smoke from the forest — too deliberate to be accidental, too large to be a campfire.","A Maia signal, or something a Maia is watching, or the remnant of a Maia's working. The smoke has a colour that is not entirely consistent with any fuel that should be burning there.",Smoke of that colour in a forest that should not be burning means something is being done here that has consequences.,Does not approach the smoke. Notes its direction and the approximate time.,what_stirs_in_the_dark,
d5cb4b83-34c9-47d2-9464-10fdad5bb4fd,,living_trees,scenery,low,,,,"An ancient tree at the road's edge — larger than any tree nearby, different species, with a presence that makes the traveller slow without knowing why.","Not an Ent. A tree that has been here long enough to accumulate something that the younger trees around it lack — not consciousness, exactly, but age that has become weight.",Nothing here is dangerous. But this tree has been at this crossroads for longer than the road has existed.,Passes it with the particular care that old things deserve.,old_grief,
8b940ad0-b6fe-4ba2-92c6-9cb0fe2c85e3,,living_trees,watches,mid,,,,The trees in this section of the forest are oriented differently — their main branches face the road in a way that is not sun-seeking.,"This section of the forest has been awake for some time. Not hostile, not welcoming. Attentive. Something on this road has been worth watching recently.",A forest that is paying attention is a forest that has a reason to pay attention.,Moves through without stopping. Does not break anything.,care_of_living_things,
306abdd0-0ed5-4838-be74-96c10559f696,,living_trees,watches,high,,,,"A sound from the trees — not wind, not animal. Slow, low, resonant. Like language at a frequency just below comprehension.","The trees are talking to each other. The subject is the traveller, most likely, or what the traveller carries, or what the traveller represents to something that is also in this forest.",The communication is ongoing. The topic has not been resolved.,Does not stop. Does not answer. Keeps moving through.,what_stirs_in_the_dark,
83a47cba-9f5c-40dc-af03-ef040c0b3042,,hobbits,glimpsed_far,low,,,,"A Hobbit visible at the top of a hill above the road — distinctive silhouette, standing and watching the traveller pass.","They are curious. They are always curious. This one has climbed a hill specifically to get a better view of the road, which is more initiative than most people show.",The watching is benign. It is the watching of someone who will describe this to seven people tonight.,Returns the look. Continues.,news_and_rumor,
795bce09-9970-4be3-bb78-9c1a16124596,,hobbits,sign_only,low,,,,"Hobbit-feet in the mud at the road's edge — unmistakeable, large and hairy and bare-soled. Two sets, heading toward the village.","They walked here recently, at a comfortable pace, and they were carrying something — the depth of the prints suggests a full pack. Moving toward home at the end of the day.","Nothing threatening here. The Shire is close, or a Hobbit community is.","Notes the direction. If the road leads that way, good hospitality may follow.",food_and_comfort,
